"ID","BDAT","FDAT","ARDAT","LACT","CBRD","XLAME","LLAME","PSTRG","Event","DIM","Date","Remark","Protocols","Technician",
        13 ,08/01/18,07/07/21,11/05/21,   2 ,X    ,    1 ,    0 ,    4 ,LAME       , 118 ,11/02/21,BEEFII          ,Beef            ,Antonio,
        54 ,08/06/18,11/14/21,10/14/22,   2 ,H    ,    1 ,    0 ,    4 ,LAME       , 277 ,08/18/22,BLKWRR          ,WhiteLineOut    ,Antonio,
        54 ,08/06/18,11/14/21,10/14/22,   2 ,H    ,    2 ,    0 ,    4 ,LAME       , 321 ,10/01/22,BLKWRR          ,WhiteLineOut    ,Antonio,
        73 ,02/01/19,01/26/21,02/21/22,   1 ,H    ,    0 ,    0 ,    4 ,FOOTRIM    , 240 ,09/23/21,II              ,Antonio,,
        92 ,08/11/18,12/04/20,10/08/21,   1 ,H    ,    1 ,    0 ,    4 ,LAME       ,  62 ,02/04/21,TRIM            ,TRIM            ,,
       106 ,08/13/18,10/24/20,04/22/21,   1 ,H    ,    1 ,    0 ,    4 ,LAME       , 103 ,02/04/21,D               ,DERMATITIS      ,,
       133 ,09/01/16,08/19/18,10/31/19,   1 ,H    ,    1 ,    0 ,    4 ,LAME       , 177 ,02/12/19,TRIM            ,TRIM            ,,
       144 ,09/01/16,08/19/18,09/13/19,   1 ,H    ,    1 ,    0 ,    4 ,LAME       ,  51 ,10/09/18,TRIM            ,TRIM            ,,
       144 ,09/01/16,08/19/18,09/13/19,   1 ,H    ,    2 ,    0 ,    4 ,LAME       ,  60 ,10/18/18,TRIM            ,TRIM            ,,
       149 ,09/01/16,09/20/19,07/03/20,   2 ,H    ,    1 ,    0 ,    4 ,LAME       , 270 ,06/16/20,F               ,FOOTROT         ,,
       149 ,09/01/16,09/20/19,07/03/20,   2 ,H    ,    2 ,    0 ,    4 ,LAME       , 279 ,06/25/20,F               ,FOOTROT         ,,
       149 ,09/01/16,09/20/19,07/03/20,   2 ,H    ,    3 ,    0 ,    4 ,LAME       , 284 ,06/30/20,F               ,FOOTROT         ,,
       194 ,08/17/18,03/31/22,07/28/22,   2 ,H    ,    1 ,    1 ,    4 ,LAME       ,  57 ,05/27/22,TETDRR          , DD/Wart,Antonio,
       211 ,08/18/18,08/09/21,11/21/21,   2 ,H    ,    1 ,    0 ,    4 ,LAME       , 101 ,11/18/21,ABXFRRII        ,Foot Rot        ,Antonio,
       241 ,08/21/18,06/14/20,01/17/22,   1 ,H    ,    1 ,    0 ,    4 ,LAME       , 543 ,12/09/21,TETDRRII        , DD/Wart,Antonio,
       269 ,08/25/18,09/24/20,12/31/20,   1 ,H    ,    1 ,    0 ,    4 ,LAME       ,  70 ,12/03/20,D               ,DERMATITIS      ,,
       289 ,08/26/18,09/03/20,03/04/21,   1 ,H    ,    1 ,    0 ,    4 ,LAME       ,  49 ,10/22/20,F               ,FOOTROT         ,,
       312 ,08/30/18,07/24/20,11/08/21,   1 ,H    ,    1 ,    0 ,    4 ,LAME       , 104 ,11/05/20,TRIM            ,TRIM            ,,
       318 ,08/30/18,09/08/21,04/07/22,   2 ,H    ,    1 ,    0 ,    4 ,LAME       , 204 ,03/31/22,ABXFRRII        ,Foot Rot        ,Antonio,
       318 ,08/30/18,09/08/21,04/07/22,   2 ,H    ,    2 ,    0 ,    4 ,LAME       , 209 ,04/05/22,ABXFRRII        ,Foot Rot        ,Antonio,
       412 ,09/10/18,12/31/21,04/07/22,   2 ,H    ,    1 ,    0 ,    4 ,LAME       ,  76 ,03/17/22,TETDLRII        , DD/Wart,Antonio,
       526 ,10/07/18,11/06/20,01/14/22,   1 ,H    ,    0 ,    0 ,    4 ,FOOTRIM    , 377 ,11/18/21,II              ,Antonio,,
       534 ,10/17/18,11/01/20,01/10/22,   1 ,H    ,    1 ,    0 ,    4 ,LAME       , 340 ,10/07/21,ABXFLRII        ,Foot Rot        ,Antonio,
       534 ,10/17/18,11/01/20,01/10/22,   1 ,H    ,    2 ,    0 ,    4 ,LAME       , 354 ,10/21/21,ABXFLRII        ,Foot Rot        ,Antonio,
       550 ,10/29/18,02/16/21,03/04/21,   1 ,H    ,    1 ,    0 ,    4 ,LAME       ,   2 ,02/18/21,T BLOCK         ,THIN SOLES      ,,
       555 ,07/20/16,06/10/18,10/12/18,   1 ,H    ,    1 ,    0 ,    4 ,LAME       , 128 ,10/16/18,F               ,FOOTROT         ,,
       561 ,07/20/16,06/10/18,02/28/19,   1 ,H    ,    1 ,    0 ,    4 ,LAME       , 137 ,10/25/18,F               ,FOOTROT         ,,
       561 ,07/20/16,06/10/18,02/28/19,   1 ,H    ,    2 ,    0 ,    4 ,LAME       , 261 ,02/26/19,U               ,UPPERLEG        ,,
       585 ,11/13/18,12/21/20,02/21/22,   1 ,H    ,    0 ,    0 ,    4 ,FOOTRIM    , 347 ,12/03/21,II              ,Antonio,,
       590 ,11/19/18,01/07/21,03/04/21,   1 ,H    ,    1 ,    0 ,    4 ,LAME       ,  28 ,02/04/21,TRIM            ,TRIM            ,,
       593 ,07/20/16,06/23/19,11/08/19,   2 ,H    ,    1 ,    1 ,    4 ,LAME       ,  58 ,08/20/19,F               ,FOOTROT         ,,
       593 ,07/20/16,06/23/19,11/08/19,   2 ,H    ,    2 ,    1 ,    4 ,LAME       , 135 ,11/05/19,U               ,UPPERLEG        ,,
       613 ,12/07/18,11/18/20,03/30/21,   1 ,H    ,    1 ,    0 ,    4 ,LAME       , 113 ,03/11/21,TRIM            ,TRIM            ,,
       732 ,03/11/19,03/15/21,07/18/22,   1 ,H    ,    1 ,    0 ,    4 ,LAME       , 284 ,12/24/21,TETDLRII        , DD/Wart,Antonio,
       768 ,12/01/18,12/30/20,06/24/22,   1 ,H    ,    1 ,    0 ,    4 ,LAME       , 181 ,06/29/21,F               ,FOOTROT         ,,
       768 ,12/01/18,12/30/20,06/24/22,   1 ,H    ,    2 ,    0 ,    4 ,LAME       , 183 ,07/01/21,F               ,FOOTROT         ,,
       768 ,12/01/18,12/30/20,06/24/22,   1 ,H    ,    3 ,    0 ,    4 ,LAME       , 281 ,10/07/21,BLKURRII        ,Sole Ulcer      ,Antonio,
       816 ,09/01/16,09/15/18,11/13/18,   1 ,H    ,    1 ,    0 ,    4 ,LAME       ,  31 ,10/16/18,F               ,FOOTROT         ,,
       818 ,09/01/16,09/15/18,04/10/19,   1 ,H    ,    1 ,    0 ,    4 ,LAME       , 173 ,03/07/19,F               ,FOOTROT         ,,
       821 ,09/12/13,09/15/18,10/25/18,   4 ,H    ,    1 ,    0 ,    4 ,LAME       ,  19 ,10/04/18,F               ,FOOTROT         ,,
       821 ,09/12/13,09/15/18,10/25/18,   4 ,H    ,    2 ,    0 ,    4 ,LAME       ,  31 ,10/16/18,F               ,FOOTROT         ,,
       821 ,09/12/13,09/15/18,10/25/18,   4 ,H    ,    3 ,    0 ,    4 ,LAME       ,  33 ,10/18/18,T               ,THIN SOLES      ,,
       839 ,01/03/19,05/27/22,07/05/23,   2 ,J    ,    1 ,    0 ,    4 ,LAME       , 260 ,02/11/23,BLKWLR          ,WhiteLineOut    ,Antonio,
       840 ,09/01/16,08/19/19,11/08/19,   2 ,H    ,    1 ,    0 ,    4 ,LAME       ,  73 ,10/31/19,D               ,DERMATITIS      ,,
       851 ,01/21/19,05/28/22,04/21/23,   2 ,J    ,    1 ,    0 ,    4 ,LAME       , 244 ,01/27/23,TRMLRR          ,Leg/Injury,Antonio,
       880 ,07/20/16,06/10/18,05/09/19,   1 ,H    ,    1 ,    0 ,    4 ,LAME       , 179 ,12/06/18,TRIM            ,TRIM            ,,
       926 ,09/10/16,09/01/18,07/31/19,   1 ,H    ,    1 ,    0 ,    4 ,LAME       , 185 ,03/05/19,TRIM            ,TRIM            ,,
       970 ,07/20/16,06/10/18,11/21/19,   1 ,H    ,    1 ,    0 ,    4 ,LAME       , 193 ,12/20/18,TRIM            ,TRIM            ,,
       987 ,12/01/18,10/27/20,02/21/22,   1 ,H    ,    1 ,    0 ,    4 ,LAME       , 170 ,04/15/21,TRIM            ,TRIM            ,,
      1007 ,08/15/16,08/05/19,03/20/20,   2 ,H    ,    1 ,    1 ,    4 ,LAME       , 178 ,01/30/20,D               ,DERMATITIS      ,,
      1042 ,07/07/19,08/11/22,07/05/23,   2 ,X    ,    1 ,    0 ,    4 ,LAME       , 175 ,02/02/23,TRMORR          ,Other           ,Antonio,
      1042 ,07/07/19,08/11/22,07/05/23,   2 ,X    ,    2 ,    0 ,    4 ,LAME       , 184 ,02/11/23,TRMORR          ,Other           ,Antonio,
      1042 ,07/07/19,08/11/22,07/05/23,   2 ,X    ,    3 ,    0 ,    4 ,LAME       , 224 ,03/23/23,TRMORR          ,Other           ,Antonio,
      1056 ,06/14/19,03/30/22,06/05/23,   2 ,X    ,    1 ,    0 ,    4 ,LAME       , 393 ,04/27/23,TETDLR          , DD/Wart,Antonio,
      1066 ,06/14/19,05/15/22,06/29/23,   2 ,X    ,    1 ,    0 ,    4 ,LAME       , 312 ,03/23/23,TRMORR          ,Other           ,Antonio,
      1071 ,07/30/16,09/08/18,02/21/19,   1 ,H    ,    1 ,    0 ,    4 ,LAME       ,  26 ,10/04/18,TRIM            ,TRIM            ,,
      1085 ,09/20/16,09/01/18,11/23/19,   1 ,H    ,    1 ,    0 ,    4 ,LAME       ,  61 ,11/01/18,TRIM            ,TRIM            ,,
      1085 ,09/20/16,09/01/18,11/23/19,   1 ,H    ,    2 ,    0 ,    4 ,LAME       , 264 ,05/23/19,TRIM            ,TRIM            ,,
      1085 ,09/20/16,09/01/18,11/23/19,   1 ,H    ,    3 ,    0 ,    4 ,LAME       , 313 ,07/11/19,TRIM            ,TRIM            ,,
      1091 ,09/05/16,09/01/18,09/15/19,   1 ,H    ,    1 ,    0 ,    4 ,LAME       , 292 ,06/20/19,F               ,FOOTROT         ,,
      1091 ,09/05/16,09/15/19,10/09/20,   2 ,H    ,    1 ,    1 ,    4 ,LAME       ,  60 ,11/14/19,D               ,DERMATITIS      ,,
      1091 ,09/05/16,09/15/19,10/09/20,   2 ,H    ,    2 ,    1 ,    4 ,LAME       ,  67 ,11/21/19,F               ,FOOTROT         ,,
      1091 ,09/05/16,09/15/19,10/09/20,   2 ,H    ,    3 ,    1 ,    4 ,LAME       , 289 ,06/30/20,D               ,DERMATITIS      ,,
      1114 ,01/29/14,08/19/19,07/26/20,   4 ,H    ,    1 ,    1 ,    4 ,LAME       ,  10 ,08/29/19,T BLOCK         ,THIN SOLES      ,,
      1114 ,01/29/14,08/19/19,07/26/20,   4 ,H    ,    2 ,    1 ,    4 ,LAME       ,  24 ,09/12/19,T               ,THIN SOLES      ,,
      1114 ,01/29/14,08/19/19,07/26/20,   4 ,H    ,    3 ,    1 ,    4 ,LAME       , 102 ,11/29/19,T               ,THIN SOLES      ,,
      1114 ,01/29/14,08/19/19,07/26/20,   4 ,H    ,    4 ,    1 ,    4 ,LAME       , 200 ,03/06/20,T BLOCK         ,THIN SOLES      ,,
      1115 ,08/29/16,09/08/18,03/15/19,   1 ,H    ,    1 ,    0 ,    4 ,LAME       , 185 ,03/12/19,F               ,FOOTROT         ,,
      1122 ,09/20/16,12/10/19,12/31/20,   2 ,H    ,    1 ,    1 ,    4 ,LAME       , 170 ,05/28/20,TRIM            ,TRIM            ,,
      1122 ,09/20/16,12/10/19,12/31/20,   2 ,H    ,    2 ,    1 ,    4 ,LAME       , 191 ,06/18/20,TRIM            ,TRIM            ,,
      1126 ,09/05/16,08/18/19,06/04/20,   2 ,H    ,    1 ,    0 ,    4 ,LAME       , 179 ,02/13/20,TRIM            ,TRIM            ,,
      1133 ,07/11/14,09/08/18,02/14/19,   3 ,H    ,    1 ,    0 ,    4 ,LAME       ,  80 ,11/27/18,TRIM            ,TRIM            ,,
      1133 ,07/11/14,09/08/18,02/14/19,   3 ,H    ,    2 ,    0 ,    4 ,LAME       , 131 ,01/17/19,TRIM            ,TRIM            ,,
      1134 ,11/10/13,09/08/18,08/01/19,   3 ,H    ,    1 ,    0 ,    4 ,LAME       , 159 ,02/14/19,TRIM            ,TRIM            ,,
      1144 ,09/23/16,09/15/18,08/16/19,   1 ,H    ,    1 ,    0 ,    4 ,LAME       , 152 ,02/14/19,D               ,DERMATITIS      ,,
      1169 ,08/29/13,09/08/18,12/24/18,   3 ,H    ,    1 ,    0 ,    4 ,LAME       ,  82 ,11/29/18,F               ,FOOTROT         ,,
      1169 ,08/29/13,09/08/18,12/24/18,   3 ,H    ,    2 ,    0 ,    4 ,LAME       ,  94 ,12/11/18,F               ,FOOTROT         ,,
      1169 ,08/29/13,09/08/18,12/24/18,   3 ,H    ,    3 ,    0 ,    4 ,LAME       ,  96 ,12/13/18,F               ,FOOTROT         ,,
      1188 ,07/23/16,09/12/19,10/25/19,   2 ,H    ,    1 ,    0 ,    4 ,LAME       ,  11 ,09/23/19,D               ,DERMATITIS      ,,
      1188 ,07/23/16,09/12/19,10/25/19,   2 ,H    ,    2 ,    0 ,    4 ,LAME       ,  42 ,10/24/19,TRIM            ,TRIM            ,,
      1217 ,07/07/19,05/06/22,06/05/23,   2 ,X    ,    1 ,    3 ,    4 ,LAME       , 258 ,01/19/23,ABXFRF          ,Foot Rot        ,Antonio,
      1224 ,06/03/19,05/04/21,12/12/22,   1 ,X    ,    1 ,    0 ,    4 ,LAME       , 268 ,01/27/22,BLKURRII        ,Sole Ulcer      ,Antonio,
      1224 ,06/03/19,05/04/21,12/12/22,   1 ,X    ,    1 ,    0 ,    4 ,FOOTRIM    , 289 ,02/17/22,II              ,Antonio,,
      1232 ,05/11/14,09/15/18,01/09/19,   3 ,H    ,    1 ,    0 ,    4 ,LAME       ,  87 ,12/11/18,F               ,FOOTROT         ,,
      1232 ,05/11/14,09/15/18,01/09/19,   3 ,H    ,    2 ,    0 ,    4 ,LAME       , 103 ,12/27/18,F               ,FOOTROT         ,,
      1235 ,05/02/16,06/07/19,01/10/20,   2 ,H    ,    1 ,    0 ,    4 ,LAME       , 158 ,11/12/19,D               ,DERMATITIS      ,,
      1235 ,05/02/16,06/07/19,01/10/20,   2 ,H    ,    2 ,    0 ,    4 ,LAME       , 167 ,11/21/19,D               ,DERMATITIS      ,,
      1235 ,05/02/16,06/07/19,01/10/20,   2 ,H    ,    3 ,    0 ,    4 ,LAME       , 214 ,01/07/20,D               ,DERMATITIS      ,,
      1240 ,06/04/16,01/03/20,08/13/20,   2 ,H    ,    1 ,    0 ,    4 ,LAME       , 132 ,05/14/20,TRIM            ,TRIM            ,,
      1260 ,05/30/15,09/15/18,02/20/19,   2 ,H    ,    1 ,    0 ,    4 ,LAME       , 103 ,12/27/18,F               ,FOOTROT         ,,
      1260 ,04/23/19,11/07/22,07/08/23,   2 ,X    ,    1 ,    0 ,    4 ,LAME       , 185 ,05/11/23,TETDLH          , DD/Wart,Antonio,
      1260 ,04/23/19,11/07/22,07/08/23,   2 ,X    ,    2 ,    0 ,    4 ,LAME       , 234 ,06/29/23,BLKXLR          ,WhiteLineIN     ,Antonio,
      1291 ,09/01/16,09/15/18,09/13/19,   1 ,H    ,    1 ,    0 ,    4 ,LAME       ,  79 ,12/03/18,U LR LEG        ,UPPERLEG        ,,
      1291 ,09/01/16,09/15/18,09/13/19,   1 ,H    ,    2 ,    0 ,    4 ,LAME       , 271 ,06/13/19,TRIM            ,TRIM            ,,
      1328 ,07/20/16,07/13/19,09/17/20,   2 ,H    ,    1 ,    0 ,    4 ,LAME       , 150 ,12/10/19,T               ,THIN SOLES      ,,
      1328 ,07/20/16,07/13/19,09/17/20,   2 ,H    ,    2 ,    0 ,    4 ,LAME       , 257 ,03/26/20,F               ,FOOTROT         ,,
      1328 ,07/20/16,07/13/19,09/17/20,   2 ,H    ,    3 ,    0 ,    4 ,LAME       , 348 ,06/25/20,F               ,FOOTROT         ,,
      1328 ,07/20/16,07/13/19,09/17/20,   2 ,H    ,    4 ,    0 ,    4 ,LAME       , 355 ,07/02/20,F               ,FOOTROT         ,,
      1328 ,07/20/16,07/13/19,09/17/20,   2 ,H    ,    5 ,    0 ,    4 ,LAME       , 430 ,09/15/20,F               ,FOOTROT         ,,
      1354 ,07/20/16,06/10/18,03/15/19,   1 ,H    ,    1 ,    0 ,    4 ,LAME       , 130 ,10/18/18,TRIM            ,TRIM            ,,
      1374 ,06/13/19,06/11/21,07/28/22,   1 ,X    ,    1 ,    0 ,    4 ,LAME       , 188 ,12/16/21,TETDRRII        , DD/Wart,Antonio,
      1396 ,06/24/19,06/22/21,05/23/22,   1 ,X    ,    1 ,    0 ,    4 ,LAME       , 275 ,03/24/22,TETDRR          , DD/Wart,Antonio,
      1509 ,04/15/16,08/10/19,04/09/20,   2 ,H    ,    1 ,    1 ,    4 ,LAME       , 145 ,01/02/20,TRIM            ,TRIM            ,,
      1535 ,05/01/16,07/18/19,12/07/20,   2 ,H    ,    1 ,    0 ,    4 ,LAME       , 203 ,02/06/20,TRIM            ,TRIM            ,,
      1535 ,05/01/16,07/18/19,12/07/20,   2 ,H    ,    2 ,    0 ,    4 ,LAME       , 350 ,07/02/20,TRIM            ,TRIM            ,,
      1562 ,07/01/16,07/09/19,12/20/19,   2 ,H    ,    1 ,    1 ,    4 ,LAME       , 163 ,12/19/19,TRIM            ,TRIM            ,,
      1570 ,09/28/18,12/05/21,12/12/22,   2 ,H    ,    0 ,    1 ,    4 ,FOOTRIM    , 221 ,07/14/22,NONE            ,Antonio,,
      1590 ,05/22/19,05/23/22,05/21/23,   2 ,H    ,    1 ,    0 ,    4 ,LAME       , 131 ,10/01/22,BLKWLR          ,WhiteLineOut    ,Antonio,
      1622 ,07/31/18,07/01/20,10/15/20,   1 ,H    ,    1 ,    1 ,    4 ,LAME       ,  78 ,09/17/20,F               ,FOOTROT         ,,
      1625 ,05/28/19,05/05/21,06/21/22,   1 ,H    ,    1 ,    0 ,    4 ,FOOTRIM    , 233 ,12/24/21,II              ,Antonio,,
      1625 ,05/28/19,05/05/21,06/21/22,   1 ,H    ,    1 ,    0 ,    4 ,FOOTRIM    , 239 ,12/30/21,II              ,,,
      1625 ,05/28/19,05/05/21,06/21/22,   1 ,H    ,    1 ,    0 ,    4 ,LAME       , 358 ,04/28/22,TETDRR          , DD/Wart,Antonio,
      1673 ,07/04/19,06/09/22,04/10/23,   2 ,J    ,    1 ,    0 ,    4 ,LAME       , 267 ,03/03/23,BLKURR          ,Sole Ulcer      ,Antonio,
      1733 ,09/01/18,01/04/23,06/29/23,   3 ,X    ,    1 ,    0 ,    4 ,LAME       , 134 ,05/18/23,BLKWRR          ,WhiteLineOut    ,Antonio,
      1743 ,09/01/18,09/04/21,11/07/22,   2 ,X    ,    1 ,    0 ,    4 ,LAME       ,  75 ,11/18/21,BLKWLRII        ,WhiteLineOut    ,,
      2409 ,10/03/18,08/18/20,01/17/22,   1 ,H    ,    0 ,    0 ,    4 ,FOOTRIM    , 345 ,07/29/21,II              ,Antonio,,
      2847 ,02/08/20,11/29/22,07/08/23,   2 ,X    ,    1 ,    0 ,    4 ,LAME       , 142 ,04/20/23,TRMLRR          ,Leg/Injury,Antonio,
      2877 ,05/31/16,08/27/18,12/31/18,   1 ,H    ,    1 ,    0 ,    4 ,LAME       , 108 ,12/13/18,F               ,FOOTROT         ,,
      2890 ,05/10/20,02/21/23,07/08/23,   2 ,X    ,    0 ,    0 ,    4 ,FOOTRIM    , 107 ,06/08/23,NONE            ,Antonio,,
      2919 ,05/13/20,05/31/22,07/13/23,   1 ,X    ,    1 ,    0 ,    4 ,LAME       , 177 ,11/24/22,BLKWRR          ,WhiteLineOut    ,Antonio,
      2971 ,05/18/20,05/03/22,05/26/23,   1 ,X    ,    1 ,    0 ,    4 ,LAME       , 373 ,05/11/23,BLKWLF          ,WhiteLineOut    ,Antonio,
      2971 ,05/18/20,05/03/22,05/26/23,   1 ,X    ,    2 ,    0 ,    4 ,LAME       , 380 ,05/18/23,BLKWLF          ,WhiteLineOut    ,Antonio,
      3069 ,05/24/20,06/04/22,07/08/23,   1 ,X    ,    1 ,    0 ,    4 ,LAME       , 369 ,06/08/23,TETDLR          , DD/Wart,Antonio,
      3288 ,06/07/16,09/23/18,11/01/19,   1 ,H    ,    1 ,    0 ,    4 ,LAME       , 270 ,06/20/19,TRIM            ,TRIM            ,,
      3303 ,06/24/20,05/17/22,10/18/22,   1 ,X    ,    1 ,    0 ,    4 ,LAME       , 137 ,10/01/22,TRM.BEEF        ,Beef            ,Antonio,
      3326 ,06/08/16,07/08/18,03/08/19,   1 ,H    ,    1 ,    0 ,    4 ,LAME       , 109 ,10/25/18,F               ,FOOTROT         ,,
      3326 ,06/08/16,07/08/18,03/08/19,   1 ,H    ,    2 ,    0 ,    4 ,LAME       , 165 ,12/20/18,TRIM            ,TRIM            ,,
      3437 ,07/02/20,05/12/22,08/15/22,   1 ,X    ,    1 ,    0 ,    4 ,LAME       ,   4 ,05/16/22,BLKWBR          ,WhiteLineOut    ,Juan M,
      3437 ,07/02/20,05/12/22,08/15/22,   1 ,X    ,    2 ,    0 ,    4 ,LAME       ,  85 ,08/05/22,ABXFRR          ,Foot Rot        ,Antonio,
      3541 ,06/11/16,03/08/19,11/15/19,   2 ,H    ,    1 ,    0 ,    4 ,LAME       , 188 ,09/12/19,TRIM            ,TRIM            ,,
      3977 ,08/17/20,07/03/22,06/29/23,   1 ,X    ,    1 ,    0 ,    4 ,LAME       , 223 ,02/11/23,BLKWLR          ,WhiteLineOut    ,Antonio,
      3995 ,08/19/20,10/29/22,03/28/23,   1 ,H    ,    1 ,    0 ,    4 ,LAME       ,   9 ,11/07/22,ABXFBL          ,Foot Rot        ,Juan M,
      3995 ,08/19/20,10/29/22,03/28/23,   1 ,H    ,    2 ,    0 ,    4 ,LAME       ,  47 ,12/15/22,ABXFLR          ,Foot Rot        ,Antonio,
      3995 ,08/19/20,10/29/22,03/28/23,   1 ,H    ,    3 ,    0 ,    4 ,LAME       , 132 ,03/10/23,ABXFLR          ,Foot Rot        ,Antonio,
      4097 ,11/09/18,08/25/21,01/17/22,   2 ,H    ,    0 ,    0 ,    4 ,FOOTRIM    , 113 ,12/16/21,II              ,Antonio,,
      4232 ,09/01/20,07/27/22,07/06/23,   1 ,X    ,    1 ,    0 ,    4 ,LAME       , 239 ,03/23/23,TRMLRR          ,Leg/Injury,Antonio,
      4232 ,09/01/20,07/27/22,07/06/23,   1 ,X    ,    1 ,    0 ,    4 ,FOOTRIM    , 324 ,06/16/23,NONE            ,Antonio,,
      4266 ,09/03/20,08/09/22,06/20/23,   1 ,H    ,    1 ,    0 ,    4 ,LAME       ,  44 ,09/22/22,ABXFRR          ,Foot Rot        ,Antonio,
      4335 ,09/05/20,07/26/22,07/08/23,   1 ,X    ,    1 ,    0 ,    4 ,LAME       , 185 ,01/27/23,ABXFLR          ,Foot Rot        ,Antonio,
      4367 ,06/30/16,04/13/18,05/13/19,   1 ,H    ,    1 ,    0 ,    4 ,LAME       , 363 ,04/11/19,TRIM            ,TRIM            ,,
      4442 ,09/14/20,09/10/22,06/29/23,   1 ,X    ,    1 ,    0 ,    4 ,LAME       ,   9 ,09/19/22,ABXFBR          ,Foot Rot        ,Juan M,
      4519 ,09/29/20,10/18/22,07/13/23,   1 ,X    ,    0 ,    0 ,    4 ,FOOTRIM    , 254 ,06/29/23,NONE            ,Antonio,,
      4540 ,07/05/16,08/22/18,11/15/19,   1 ,H    ,    1 ,    0 ,    4 ,LAME       , 323 ,07/11/19,TRIM            ,TRIM            ,,
      4540 ,07/05/16,08/22/18,11/15/19,   1 ,H    ,    2 ,    0 ,    4 ,LAME       , 428 ,10/24/19,TRIM            ,TRIM            ,,
      4551 ,10/04/20,10/28/22,12/12/22,   1 ,X    ,    1 ,    0 ,    4 ,LAME       ,   5 ,11/02/22,TETDBR          , DD/Wart,Juan M,
      4725 ,11/06/20,09/19/22,06/20/23,   1 ,X    ,    1 ,    0 ,    4 ,LAME       , 248 ,05/25/23,ABXFRR          ,Foot Rot        ,Antonio,
      4751 ,11/18/20,10/23/22,06/20/23,   1 ,X    ,    1 ,    0 ,    4 ,LAME       , 111 ,02/11/23,TRMOLR          ,Other           ,Antonio,
      4794 ,11/28/20,10/06/22,01/09/23,   1 ,X    ,    1 ,    0 ,    4 ,LAME       ,  11 ,10/17/22,ABXFBR          ,Foot Rot        ,Juan M,
      4835 ,12/04/20,11/13/22,07/13/23,   1 ,H    ,    1 ,    0 ,    4 ,LAME       , 158 ,04/20/23,TETDLR          , DD/Wart,Antonio,
      4875 ,12/11/20,12/06/22,07/13/23,   1 ,H    ,    1 ,    0 ,    4 ,LAME       , 106 ,03/22/23,BLKXLR          ,WhiteLineIN     ,Antonio,
      4877 ,12/11/20,11/21/22,07/13/23,   1 ,H    ,    0 ,    0 ,    4 ,FOOTRIM    , 207 ,06/16/23,NONE            ,Antonio,,
      4950 ,12/26/20,11/17/22,05/24/23,   1 ,X    ,    1 ,    0 ,    4 ,LAME       ,  86 ,02/11/23,TRMORR          ,Other           ,Antonio,
      4950 ,12/26/20,11/17/22,05/24/23,   1 ,X    ,    2 ,    0 ,    4 ,LAME       , 113 ,03/10/23,TRMOLF          ,Other           ,Antonio,
      5075 ,07/19/16,06/09/19,02/14/20,   2 ,H    ,    1 ,    0 ,    4 ,LAME       , 249 ,02/13/20,TRIM            ,TRIM            ,,
      5102 ,07/20/16,07/31/19,09/12/20,   2 ,H    ,    1 ,    0 ,    4 ,LAME       , 190 ,02/06/20,TRIM            ,TRIM            ,,
      5102 ,07/20/16,07/31/19,09/12/20,   2 ,H    ,    2 ,    0 ,    4 ,LAME       , 246 ,04/02/20,TRIM            ,TRIM            ,,
      5258 ,07/23/16,06/16/18,10/20/18,   1 ,H    ,    1 ,    0 ,    4 ,LAME       , 124 ,10/18/18,U               ,UPPERLEG        ,,
      5376 ,07/26/16,10/27/18,09/05/19,   1 ,H    ,    1 ,    0 ,    4 ,LAME       , 278 ,08/01/19,TRIM            ,TRIM            ,,
      5691 ,04/11/18,11/18/21,05/18/23,   2 ,H    ,    1 ,    0 ,    4 ,LAME       , 190 ,05/27/22,ABXFLR          ,Foot Rot        ,Antonio,
      6501 ,08/21/16,03/18/20,08/10/20,   2 ,H    ,    1 ,    1 ,    4 ,LAME       , 106 ,07/02/20,TRIM            ,TRIM            ,,
      6501 ,08/21/16,03/18/20,08/10/20,   2 ,H    ,    2 ,    1 ,    4 ,LAME       , 134 ,07/30/20,F               ,FOOTROT         ,,
      6776 ,08/29/16,08/21/19,10/10/19,   2 ,H    ,    1 ,    0 ,    4 ,LAME       ,  48 ,10/08/19,F               ,FOOTROT         ,,
      6924 ,09/02/16,11/26/19,06/08/20,   2 ,H    ,    1 ,    0 ,    4 ,LAME       , 135 ,04/09/20,F               ,FOOTROT         ,,
      6924 ,09/02/16,11/26/19,06/08/20,   2 ,H    ,    2 ,    0 ,    4 ,LAME       , 177 ,05/21/20,F               ,FOOTROT         ,,
      6936 ,09/03/16,08/21/18,10/11/19,   1 ,H    ,    1 ,    0 ,    4 ,LAME       , 366 ,08/22/19,TRIM            ,TRIM            ,,
      7087 ,02/24/19,05/11/22,05/21/23,   2 ,H    ,    1 ,    0 ,    4 ,LAME       , 204 ,12/01/22,BLKWRR          ,WhiteLineOut    ,Antonio,
      7529 ,09/19/16,12/11/19,12/16/20,   2 ,H    ,    1 ,    0 ,    4 ,LAME       , 127 ,04/16/20,TRIM            ,TRIM            ,,
      7529 ,09/19/16,12/11/19,12/16/20,   2 ,H    ,    2 ,    0 ,    4 ,LAME       , 365 ,12/10/20,F               ,FOOTROT         ,,
      8236 ,10/05/16,10/02/18,03/28/19,   1 ,H    ,    1 ,    0 ,    4 ,LAME       , 149 ,02/28/19,F               ,FOOTROT         ,,
      8236 ,10/05/16,10/02/18,03/28/19,   1 ,H    ,    2 ,    0 ,    4 ,LAME       , 175 ,03/26/19,U               ,UPPERLEG        ,,
      8351 ,10/07/16,12/20/19,08/13/20,   2 ,H    ,    1 ,    0 ,    4 ,LAME       , 125 ,04/23/20,TRIM            ,TRIM            ,,
      8618 ,10/13/16,10/25/18,03/10/20,   1 ,H    ,    1 ,    0 ,    4 ,LAME       , 364 ,10/24/19,TRIM            ,TRIM            ,,
      8645 ,10/14/16,09/03/19,05/08/20,   2 ,H    ,    1 ,    2 ,    4 ,LAME       , 191 ,03/12/20,TRIM            ,TRIM            ,,
      8757 ,10/18/16,09/22/18,02/14/19,   1 ,H    ,    1 ,    0 ,    4 ,LAME       , 138 ,02/07/19,U               ,UPPERLEG        ,,
      9156 ,10/31/16,10/22/18,12/10/19,   1 ,H    ,    1 ,    0 ,    4 ,LAME       , 234 ,06/13/19,TRIM            ,TRIM            ,,
      9209 ,11/02/16,12/24/19,09/03/20,   2 ,H    ,    1 ,    0 ,    4 ,LAME       , 177 ,06/18/20,TRIM            ,TRIM            ,,
      9281 ,11/06/16,01/10/20,04/09/21,   2 ,H    ,    1 ,    0 ,    4 ,LAME       , 132 ,05/21/20,D               ,DERMATITIS      ,,
      9281 ,11/06/16,01/10/20,04/09/21,   2 ,H    ,    2 ,    0 ,    4 ,LAME       , 146 ,06/04/20,TRIM            ,TRIM            ,,
      9382 ,08/01/16,11/25/18,02/18/19,   1 ,H    ,    1 ,    1 ,    4 ,LAME       ,  67 ,01/31/19,TRIM            ,TRIM            ,,
      9383 ,08/02/16,07/05/19,01/10/20,   2 ,H    ,    1 ,    0 ,    4 ,LAME       , 118 ,10/31/19,TRIM            ,TRIM            ,,
      9438 ,08/09/16,02/25/20,12/07/20,   2 ,H    ,    1 ,    7 ,    4 ,LAME       ,  86 ,05/21/20,TRIM            ,TRIM            ,,
      9438 ,08/09/16,02/25/20,12/07/20,   2 ,H    ,    2 ,    7 ,    4 ,LAME       , 100 ,06/04/20,TRIM            ,TRIM            ,,
      9467 ,08/13/16,06/08/19,12/05/19,   2 ,H    ,    1 ,    0 ,    4 ,LAME       ,  96 ,09/12/19,TRIM            ,TRIM            ,,
      9484 ,08/16/16,09/15/18,02/28/19,   1 ,H    ,    2 ,    0 ,    4 ,LAME       ,  54 ,11/08/18,F               ,FOOTROT         ,,
      9489 ,08/16/16,08/28/18,04/29/19,   1 ,H    ,    1 ,    0 ,    4 ,LAME       , 170 ,02/14/19,TRIM            ,TRIM            ,,
      9529 ,08/01/16,03/14/20,11/08/21,   2 ,H    ,    1 ,    1 ,    4 ,LAME       , 187 ,09/17/20,TRIM            ,TRIM            ,,
      9603 ,09/02/16,06/21/20,08/13/21,   2 ,H    ,    1 ,    0 ,    4 ,LAME       , 179 ,12/17/20,D               ,DERMATITIS      ,,
      9611 ,09/03/16,07/11/18,04/09/20,   1 ,H    ,    1 ,    0 ,    4 ,LAME       , 274 ,04/11/19,F               ,FOOTROT         ,,
      9624 ,09/04/16,11/12/18,07/21/20,   1 ,H    ,    1 ,    0 ,    4 ,LAME       , 584 ,06/18/20,D               ,DERMATITIS      ,,
      9670 ,09/11/16,10/15/18,08/15/19,   1 ,H    ,    1 ,    0 ,    4 ,LAME       ,  10 ,10/25/18,TRIM            ,TRIM            ,,
      9699 ,09/14/16,12/16/19,03/04/21,   2 ,H    ,    1 ,    0 ,    4 ,LAME       , 276 ,09/17/20,TRIM            ,TRIM            ,,
      9722 ,09/16/16,10/29/18,03/28/19,   1 ,H    ,    1 ,    0 ,    4 ,LAME       , 143 ,03/21/19,TRIM            ,TRIM            ,,
      9731 ,09/17/16,05/08/19,01/01/20,   1 ,H    ,    1 ,    0 ,    4 ,LAME       , 169 ,10/24/19,F               ,FOOTROT         ,,
      9742 ,09/19/16,11/05/18,02/28/19,   1 ,H    ,    1 ,    0 ,    4 ,LAME       ,  38 ,12/13/18,F               ,FOOTROT         ,,
      9742 ,09/19/16,11/05/18,02/28/19,   1 ,H    ,    2 ,    0 ,    4 ,LAME       ,  52 ,12/27/18,F               ,FOOTROT         ,,
      9742 ,09/19/16,11/05/18,02/28/19,   1 ,H    ,    3 ,    0 ,    4 ,LAME       ,  87 ,01/31/19,F               ,FOOTROT         ,,
      9742 ,09/19/16,11/05/18,02/28/19,   1 ,H    ,    4 ,    0 ,    4 ,LAME       ,  92 ,02/05/19,F               ,FOOTROT         ,,
      9783 ,09/23/16,08/18/18,01/07/19,   1 ,H    ,    1 ,    0 ,    4 ,LAME       ,  89 ,11/15/18,TRIM            ,TRIM            ,,
      9791 ,09/24/16,12/19/19,12/07/20,   2 ,H    ,    1 ,    0 ,    4 ,LAME       , 196 ,07/02/20,D               ,DERMATITIS      ,,
      9797 ,09/24/16,08/05/18,11/15/19,   1 ,H    ,    1 ,    0 ,    4 ,LAME       , 375 ,08/15/19,F               ,FOOTROT         ,,
      9821 ,09/26/16,11/27/18,11/25/19,   1 ,H    ,    1 ,    0 ,    4 ,LAME       , 317 ,10/10/19,D               ,DERMATITIS      ,,
      9852 ,09/30/16,11/26/19,08/13/20,   2 ,H    ,    1 ,    1 ,    4 ,LAME       ,  79 ,02/13/20,TRIM            ,TRIM            ,,
      9876 ,10/03/16,01/25/20,05/22/20,   2 ,H    ,    1 ,    0 ,    4 ,LAME       , 101 ,05/05/20,F               ,FOOTROT         ,,
      9882 ,10/04/16,09/29/18,04/09/20,   1 ,H    ,    1 ,    0 ,    4 ,LAME       , 257 ,06/13/19,TRIM            ,TRIM            ,,
      9886 ,10/04/16,10/09/18,02/08/19,   1 ,H    ,    1 ,    0 ,    4 ,LAME       , 107 ,01/24/19,F               ,FOOTROT         ,,
      9886 ,10/04/16,10/09/18,02/08/19,   1 ,H    ,    2 ,    0 ,    4 ,LAME       , 114 ,01/31/19,F               ,FOOTROT         ,,
      9897 ,10/06/16,11/16/18,10/11/19,   1 ,H    ,    1 ,    0 ,    4 ,LAME       , 109 ,03/05/19,TRIM            ,TRIM            ,,
     10092 ,10/27/16,01/31/20,02/05/21,   2 ,H    ,    1 ,    2 ,    4 ,LAME       , 319 ,12/15/20,D               ,DERMATITIS      ,,
     10096 ,10/27/16,02/20/19,07/16/20,   1 ,H    ,    1 ,    0 ,    4 ,LAME       ,  64 ,04/25/19,TRIM            ,TRIM            ,,
     10098 ,10/27/16,12/19/18,07/10/19,   1 ,H    ,    1 ,    0 ,    4 ,LAME       ,  43 ,01/31/19,F               ,FOOTROT         ,,
     10111 ,10/29/16,10/09/18,09/03/20,   1 ,H    ,    1 ,    0 ,    4 ,LAME       , 147 ,03/05/19,TRIM            ,TRIM            ,,
     10111 ,10/29/16,10/09/18,09/03/20,   1 ,H    ,    2 ,    0 ,    4 ,LAME       , 289 ,07/25/19,TRIM            ,TRIM            ,,
     10167 ,11/04/16,01/22/19,01/24/20,   1 ,H    ,    1 ,    0 ,    4 ,LAME       , 364 ,01/21/20,U               ,UPPERLEG        ,,
     10184 ,11/05/16,12/07/19,06/04/20,   2 ,H    ,    1 ,    0 ,    4 ,LAME       , 166 ,05/21/20,F               ,FOOTROT         ,,
     10226 ,11/11/16,04/22/19,06/08/20,   1 ,H    ,    1 ,    0 ,    4 ,LAME       , 269 ,01/16/20,TRIM            ,TRIM            ,,
     10246 ,11/13/16,12/31/18,10/10/19,   1 ,H    ,    1 ,    0 ,    4 ,LAME       , 101 ,04/11/19,F               ,FOOTROT         ,,
     10246 ,11/13/16,12/31/18,10/10/19,   1 ,H    ,    2 ,    0 ,    4 ,LAME       , 115 ,04/25/19,TRIM            ,TRIM            ,,
     10246 ,11/13/16,12/31/18,10/10/19,   1 ,H    ,    3 ,    0 ,    4 ,LAME       , 164 ,06/13/19,F               ,FOOTROT         ,,
     10270 ,11/15/16,11/30/18,02/13/20,   1 ,H    ,    1 ,    0 ,    4 ,LAME       , 130 ,04/09/19,TRIM            ,TRIM            ,,
     10310 ,11/21/16,11/05/18,10/31/19,   1 ,H    ,    1 ,    0 ,    4 ,LAME       ,  73 ,01/17/19,TRIM            ,TRIM            ,,
     10310 ,11/21/16,11/05/18,10/31/19,   1 ,H    ,    2 ,    0 ,    4 ,LAME       , 220 ,06/13/19,TRIM            ,TRIM            ,,
     10310 ,11/21/16,11/05/18,10/31/19,   1 ,H    ,    3 ,    0 ,    4 ,LAME       , 234 ,06/27/19,TRIM            ,TRIM            ,,
     10316 ,11/22/16,06/05/20,04/09/21,   2 ,H    ,    1 ,    2 ,    4 ,LAME       , 125 ,10/08/20,TRIM            ,TRIM            ,,
     10330 ,11/24/16,12/01/19,02/16/20,   2 ,H    ,    1 ,    0 ,    4 ,LAME       ,  74 ,02/13/20,TRIM            ,TRIM            ,,
     10346 ,11/26/16,01/15/19,10/11/19,   1 ,H    ,    1 ,    0 ,    4 ,LAME       , 254 ,09/26/19,TRIM            ,TRIM            ,,
     10348 ,11/26/16,01/30/19,07/30/20,   1 ,H    ,    1 ,    0 ,    4 ,LAME       , 512 ,06/25/20,F               ,FOOTROT         ,,
     10351 ,11/26/16,11/13/18,02/18/19,   1 ,H    ,    1 ,    0 ,    4 ,LAME       ,  93 ,02/14/19,U               ,UPPERLEG        ,,
     10403 ,12/02/16,01/21/19,01/30/20,   1 ,H    ,    0 ,    0 ,    4 ,FOOTRIM    ,  30 ,02/20/19,FL.NOFT         ,                ,,
     10417 ,12/05/16,10/28/18,02/22/19,   1 ,H    ,    1 ,    0 ,    4 ,LAME       , 100 ,02/05/19,F               ,FOOTROT         ,,
     10440 ,12/07/16,03/06/20,01/06/22,   2 ,H    ,    1 ,    1 ,    4 ,LAME       , 160 ,08/13/20,D               ,DERMATITIS      ,,
     10462 ,12/09/16,02/20/19,02/15/21,   1 ,H    ,    1 ,    0 ,    4 ,LAME       , 498 ,07/02/20,D               ,DERMATITIS      ,,
     10498 ,12/13/16,03/15/19,10/10/19,   1 ,H    ,    1 ,    0 ,    4 ,LAME       ,  55 ,05/09/19,F               ,FOOTROT         ,,
     10522 ,12/17/16,03/15/19,01/16/20,   1 ,H    ,    1 ,    0 ,    4 ,LAME       , 153 ,08/15/19,TRIM            ,TRIM            ,,
     10522 ,12/17/16,03/15/19,01/16/20,   1 ,H    ,    2 ,    0 ,    4 ,LAME       , 230 ,10/31/19,TRIM            ,TRIM            ,,
     10542 ,12/21/16,02/07/19,02/07/20,   1 ,H    ,    0 ,    0 ,    4 ,FOOTRIM    ,  39 ,03/18/19,BR.NOFT         ,                ,,
     10570 ,11/15/16,08/29/19,09/17/20,   2 ,H    ,    1 ,    1 ,    4 ,LAME       , 231 ,04/16/20,TRIM            ,TRIM            ,,
     10816 ,12/24/16,01/12/19,12/26/19,   1 ,H    ,    1 ,    0 ,    4 ,LAME       , 222 ,08/22/19,TRIM            ,TRIM            ,,
     10832 ,11/09/16,11/27/19,04/22/21,   2 ,H    ,    1 ,    0 ,    4 ,LAME       , 218 ,07/02/20,TRIM            ,TRIM            ,,
     10857 ,11/10/16,09/12/18,04/11/19,   1 ,H    ,    1 ,    0 ,    4 ,LAME       , 210 ,04/10/19,F               ,FOOTROT         ,,
     11259 ,12/03/16,10/27/18,05/24/19,   1 ,H    ,    1 ,    0 ,    4 ,LAME       , 194 ,05/09/19,F               ,FOOTROT         ,,
     11430 ,12/10/16,02/16/20,07/22/21,   2 ,H    ,    1 ,    0 ,    4 ,LAME       , 137 ,07/02/20,D               ,DERMATITIS      ,,
     11608 ,12/17/16,10/23/18,06/28/19,   1 ,H    ,    1 ,    0 ,    4 ,LAME       , 240 ,06/20/19,F               ,FOOTROT         ,,
     12026 ,01/06/17,11/07/19,01/10/20,   2 ,H    ,    1 ,    0 ,    4 ,LAME       ,  42 ,12/19/19,U               ,UPPERLEG        ,,
     12026 ,01/06/17,11/07/19,01/10/20,   2 ,H    ,    2 ,    0 ,    4 ,LAME       ,  49 ,12/26/19,F               ,FOOTROT         ,,
     13041 ,12/27/16,01/08/19,10/15/20,   1 ,H    ,    1 ,    0 ,    4 ,LAME       , 296 ,10/31/19,TRIM            ,TRIM            ,,
     13052 ,12/29/16,02/01/19,09/13/19,   1 ,H    ,    1 ,    0 ,    4 ,LAME       , 181 ,08/01/19,TRIM            ,TRIM            ,,
     13069 ,12/30/16,01/15/19,01/23/20,   1 ,H    ,    1 ,    0 ,    4 ,LAME       , 331 ,12/12/19,TRIM            ,TRIM            ,,
     13088 ,01/02/17,10/15/19,01/10/20,   1 ,H    ,    1 ,    0 ,    4 ,LAME       ,  63 ,12/17/19,F               ,FOOTROT         ,,
     13142 ,01/11/17,07/03/19,11/12/20,   1 ,H    ,    1 ,    0 ,    4 ,LAME       , 316 ,05/14/20,TRIM            ,TRIM            ,,
     13142 ,01/11/17,07/03/19,11/12/20,   1 ,H    ,    2 ,    0 ,    4 ,LAME       , 337 ,06/04/20,D               ,DERMATITIS      ,,
     13216 ,01/21/17,04/04/19,11/15/19,   1 ,H    ,    1 ,    0 ,    4 ,LAME       , 147 ,08/29/19,TRIM            ,TRIM            ,,
     13232 ,01/24/17,09/28/20,12/03/21,   2 ,H    ,    1 ,    2 ,    4 ,LAME       ,  67 ,12/04/20,D               ,DERMATITIS      ,,
     13248 ,01/27/17,04/15/19,12/04/19,   1 ,H    ,    1 ,    0 ,    4 ,LAME       , 164 ,09/26/19,F               ,FOOTROT         ,,
     13248 ,01/27/17,04/15/19,12/04/19,   1 ,H    ,    2 ,    0 ,    4 ,LAME       , 178 ,10/10/19,F               ,FOOTROT         ,,
     13282 ,02/01/17,02/08/21,11/05/21,   2 ,H    ,    0 ,    0 ,    4 ,FOOTRIM    , 171 ,07/29/21,II              ,Antonio,,
     13284 ,02/01/17,10/15/19,09/17/20,   1 ,H    ,    1 ,    0 ,    4 ,LAME       , 184 ,04/16/20,TRIM            ,TRIM            ,,
     13347 ,02/09/17,12/26/18,11/25/19,   1 ,H    ,    1 ,    0 ,    4 ,LAME       , 260 ,09/12/19,TRIM            ,TRIM            ,,
     13358 ,02/11/17,04/15/20,04/28/21,   2 ,H    ,    1 ,    1 ,    4 ,LAME       , 293 ,02/02/21,L               ,LAMINITIS       ,,
     13372 ,02/12/17,10/17/20,09/24/21,   2 ,H    ,    1 ,    0 ,    4 ,LAME       , 145 ,03/11/21,TRIM            ,TRIM            ,,
     13375 ,02/13/17,01/26/19,08/25/19,   1 ,H    ,    0 ,    0 ,    4 ,FOOTRIM    ,  76 ,04/12/19,FL.WTLN         ,                ,,
     13380 ,02/13/17,07/03/19,08/06/20,   1 ,H    ,    1 ,    0 ,    4 ,LAME       , 307 ,05/05/20,F               ,FOOTROT         ,,
     13403 ,02/16/17,01/28/20,12/07/20,   2 ,H    ,    1 ,    1 ,    4 ,LAME       , 296 ,11/19/20,F               ,FOOTROT         ,,
     13412 ,02/17/17,09/15/19,11/12/20,   1 ,H    ,    1 ,    0 ,    4 ,LAME       , 102 ,12/26/19,F               ,FOOTROT         ,,
     13412 ,02/17/17,09/15/19,11/12/20,   1 ,H    ,    2 ,    0 ,    4 ,LAME       , 151 ,02/13/20,F               ,FOOTROT         ,,
     13412 ,02/17/17,09/15/19,11/12/20,   1 ,H    ,    3 ,    0 ,    4 ,LAME       , 193 ,03/26/20,F               ,FOOTROT         ,,
     13412 ,02/17/17,09/15/19,11/12/20,   1 ,H    ,    4 ,    0 ,    4 ,LAME       , 254 ,05/26/20,U               ,UPPERLEG        ,,
     13425 ,02/20/17,02/11/19,06/21/19,   1 ,H    ,    1 ,    0 ,    4 ,LAME       , 115 ,06/06/19,TRIM            ,TRIM            ,,
     13434 ,02/22/17,07/03/19,02/11/21,   1 ,H    ,    1 ,    0 ,    4 ,LAME       , 253 ,03/12/20,TRIM            ,TRIM            ,,
     13463 ,02/28/17,06/23/20,06/16/21,   2 ,H    ,    1 ,    0 ,    4 ,LAME       , 224 ,02/02/21,U               ,UPPERLEG        ,,
     13463 ,02/28/17,06/23/20,06/16/21,   2 ,H    ,    2 ,    0 ,    4 ,LAME       , 233 ,02/11/21,U               ,UPPERLEG        ,,
     13469 ,05/01/19,05/24/21,10/24/22,   1 ,H    ,    1 ,    0 ,    4 ,LAME       , 150 ,10/21/21,TETDRRII        , DD/Wart,Antonio,
     13472 ,03/01/17,06/09/20,04/08/21,   2 ,H    ,    1 ,    0 ,    4 ,LAME       , 273 ,03/09/21,TRIM            ,TRIM            ,,
     13473 ,03/02/17,01/27/19,08/13/20,   1 ,H    ,    1 ,    0 ,    4 ,LAME       , 424 ,03/26/20,TRIM            ,TRIM            ,,
     13476 ,03/02/17,10/15/19,07/03/20,   1 ,H    ,    1 ,    0 ,    4 ,LAME       , 254 ,06/25/20,D               ,DERMATITIS      ,,
     13525 ,03/14/17,03/14/20,01/15/21,   2 ,H    ,    1 ,    0 ,    4 ,LAME       , 278 ,12/17/20,TRIM            ,TRIM            ,,
     15022 ,06/02/19,05/08/22,05/21/23,   2 ,H    ,    1 ,    0 ,    4 ,LAME       , 333 ,04/06/23,TETDRR          , DD/Wart,Antonio,
     16689 ,06/25/19,07/19/21,05/18/23,   1 ,H    ,    1 ,    0 ,    4 ,LAME       , 260 ,04/05/22,TETDLRII        , DD/Wart,Antonio,
     16711 ,07/22/17,06/22/19,11/08/21,   1 ,H    ,    1 ,    0 ,    4 ,LAME       , 292 ,04/09/20,TRIM            ,TRIM            ,,
     16711 ,07/22/17,06/22/19,11/08/21,   1 ,H    ,    2 ,    0 ,    4 ,LAME       , 671 ,04/23/21,D               ,DERMATITIS      ,,
     16715 ,07/23/17,07/26/19,11/30/20,   1 ,H    ,    1 ,    0 ,    4 ,LAME       ,  48 ,09/12/19,TRIM            ,TRIM            ,,
     16715 ,07/23/17,07/26/19,11/30/20,   1 ,H    ,    2 ,    0 ,    4 ,LAME       , 195 ,02/06/20,TRIM            ,TRIM            ,,
     16715 ,07/23/17,07/26/19,11/30/20,   1 ,H    ,    3 ,    0 ,    4 ,LAME       , 244 ,03/26/20,TRIM            ,TRIM            ,,
     16721 ,07/24/17,11/03/19,06/19/20,   1 ,H    ,    1 ,    0 ,    4 ,LAME       , 226 ,06/16/20,U               ,UPPERLEG        ,,
     16728 ,07/25/17,05/31/20,04/09/21,   2 ,H    ,    1 ,    0 ,    4 ,LAME       ,  22 ,06/22/20,D               ,DERMATITIS      ,,
     16742 ,07/27/17,07/11/19,04/09/21,   1 ,H    ,    1 ,    0 ,    4 ,LAME       , 343 ,06/18/20,D               ,DERMATITIS      ,,
     16742 ,07/27/17,07/11/19,04/09/21,   1 ,H    ,    2 ,    0 ,    4 ,LAME       , 609 ,03/11/21,TRIM            ,TRIM            ,,
     16767 ,04/04/17,02/17/19,11/25/19,   1 ,H    ,    1 ,    0 ,    4 ,LAME       , 158 ,07/25/19,TRIM            ,TRIM            ,,
     16767 ,04/04/17,02/17/19,11/25/19,   1 ,H    ,    2 ,    0 ,    4 ,LAME       , 193 ,08/29/19,TRIM            ,TRIM            ,,
     16777 ,04/08/17,03/01/19,04/10/20,   1 ,H    ,    1 ,    0 ,    4 ,LAME       , 328 ,01/23/20,TRIM            ,TRIM            ,,
     16823 ,04/19/17,07/10/20,10/15/20,   2 ,H    ,    1 ,    1 ,    4 ,LAME       ,  47 ,08/26/20,D               ,DERMATITIS      ,,
     16844 ,04/23/17,12/20/20,02/21/22,   2 ,H    ,    1 ,    1 ,    4 ,LAME       ,  39 ,01/28/21,TRIM            ,TRIM            ,,
     16844 ,04/23/17,12/20/20,02/21/22,   2 ,H    ,    2 ,    1 ,    4 ,LAME       ,  67 ,02/25/21,TRIM            ,TRIM            ,,
     16844 ,04/23/17,12/20/20,02/21/22,   2 ,H    ,    3 ,    1 ,    4 ,LAME       ,  96 ,03/26/21,TRIM            ,TRIM            ,,
     16876 ,05/06/17,09/27/20,01/21/21,   2 ,H    ,    1 ,    1 ,    4 ,LAME       , 114 ,01/19/21,D               ,DERMATITIS      ,,
     16976 ,05/26/17,06/04/19,12/10/19,   1 ,H    ,    0 ,    0 ,    4 ,FOOTRIM    ,  66 ,08/09/19,FL.NOFT         ,                ,,
     16976 ,05/26/17,06/04/19,12/10/19,   1 ,H    ,    0 ,    0 ,    4 ,FOOTRIM    ,  66 ,08/09/19,BEEF            ,                ,,
     16981 ,05/27/17,06/05/19,03/12/20,   1 ,H    ,    1 ,    0 ,    4 ,LAME       , 148 ,10/31/19,TRIM            ,TRIM            ,,
     16995 ,05/29/17,05/29/19,10/24/19,   1 ,H    ,    1 ,    1 ,    4 ,LAME       ,  85 ,08/22/19,F               ,FOOTROT         ,,
     16995 ,05/29/17,05/29/19,10/24/19,   1 ,H    ,    2 ,    1 ,    4 ,LAME       , 127 ,10/03/19,F               ,FOOTROT         ,,
     16995 ,05/29/17,05/29/19,10/24/19,   1 ,H    ,    3 ,    1 ,    4 ,LAME       , 134 ,10/10/19,F               ,FOOTROT         ,,
     17008 ,06/02/17,12/19/20,12/03/21,   2 ,H    ,    1 ,    0 ,    4 ,LAME       , 250 ,08/26/21,BLKXLRII        ,WhiteLineIN     ,Antonio,
     17027 ,06/06/17,05/27/19,08/13/20,   1 ,H    ,    1 ,    1 ,    4 ,LAME       , 421 ,07/21/20,D               ,DERMATITIS      ,,
     17097 ,06/24/17,01/13/21,02/21/22,   2 ,H    ,    1 ,    1 ,    4 ,LAME       , 225 ,08/26/21,TETDLRII        , DD/Wart,Antonio,
     17097 ,06/24/17,01/13/21,02/21/22,   2 ,H    ,    2 ,    1 ,    4 ,LAME       , 239 ,09/09/21,LR              , DD/Wart,Antonio,
     17098 ,06/24/17,06/13/19,11/12/20,   1 ,H    ,    1 ,    0 ,    4 ,LAME       , 350 ,05/28/20,TRIM            ,TRIM            ,,
     17105 ,06/27/17,06/20/19,06/08/20,   1 ,H    ,    1 ,    0 ,    4 ,LAME       , 336 ,05/21/20,F               ,FOOTROT         ,,
     17105 ,06/27/17,06/20/19,06/08/20,   1 ,H    ,    2 ,    0 ,    4 ,LAME       , 350 ,06/04/20,F               ,FOOTROT         ,,
     17135 ,07/04/17,06/05/19,04/10/20,   1 ,X    ,    1 ,    0 ,    4 ,LAME       , 253 ,02/13/20,TRIM            ,TRIM            ,,
     17158 ,07/07/17,10/20/20,05/06/21,   2 ,H    ,    1 ,    1 ,    4 ,LAME       ,   6 ,10/26/20,D               ,DERMATITIS      ,,
     17227 ,07/15/17,09/27/19,08/27/20,   1 ,H    ,    1 ,    0 ,    4 ,LAME       , 334 ,08/26/20,D               ,DERMATITIS      ,,
     17254 ,07/18/17,10/20/20,12/03/21,   2 ,H    ,    0 ,    0 ,    4 ,FOOTRIM    , 282 ,07/29/21,II              ,Antonio,,
     17254 ,07/18/17,10/20/20,12/03/21,   2 ,H    ,    0 ,    0 ,    4 ,FOOTRIM    , 394 ,11/18/21,II              ,Antonio,,
     17259 ,07/20/17,07/19/19,03/05/20,   1 ,H    ,    0 ,    0 ,    4 ,FOOTRIM    ,  11 ,07/30/19,BL.OTHR         ,                ,,
     17289 ,06/03/17,11/04/19,06/25/20,   1 ,H    ,    1 ,    0 ,    4 ,LAME       , 227 ,06/18/20,TRIM9           ,TRIM            ,,
     19125 ,08/19/17,03/24/21,04/08/22,   2 ,H    ,    1 ,    2 ,    4 ,LAME       , 239 ,11/18/21,TETDRRII        , DD/Wart,Antonio,
     19575 ,11/07/17,10/24/19,01/21/20,   1 ,H    ,    1 ,    0 ,    4 ,LAME       ,   2 ,10/26/19,PENG5.50        ,,,
     19938 ,09/04/17,10/24/20,12/17/21,   2 ,H    ,    1 ,    1 ,    4 ,LAME       , 306 ,08/26/21,TETDLRII        , DD/Wart,Antonio,
     20021 ,09/06/17,10/22/19,07/21/20,   1 ,H    ,    1 ,    0 ,    4 ,LAME       , 121 ,02/20/20,TRIM            ,TRIM            ,,
     20164 ,09/12/17,11/10/19,07/16/21,   1 ,H    ,    1 ,    0 ,    4 ,LAME       , 347 ,10/22/20,F               ,FOOTROT         ,,
     20254 ,08/03/19,07/17/21,04/28/22,   1 ,H    ,    1 ,    0 ,    4 ,LAME       , 201 ,02/03/22,TETDLRII        , DD/Wart,Antonio,
     20300 ,09/20/17,11/08/20,11/05/21,   2 ,H    ,    1 ,    0 ,    4 ,LAME       , 123 ,03/11/21,TRIM            ,TRIM            ,,
     20300 ,09/20/17,11/08/20,11/05/21,   2 ,H    ,    2 ,    0 ,    4 ,LAME       , 207 ,06/03/21,TRIM            ,TRIM            ,,
     20300 ,09/20/17,11/08/20,11/05/21,   2 ,H    ,    3 ,    0 ,    4 ,LAME       , 208 ,06/04/21,TRIM            ,TRIM            ,,
     20300 ,09/20/17,11/08/20,11/05/21,   2 ,H    ,    3 ,    0 ,    4 ,FOOTRIM    , 347 ,10/21/21,II              ,Antonio,,
     20444 ,08/03/17,01/10/21,01/17/22,   2 ,H    ,    0 ,    0 ,    4 ,FOOTRIM    , 327 ,12/03/21,II              ,Antonio,,
     20497 ,08/13/17,08/01/19,11/24/20,   1 ,H    ,    1 ,    0 ,    4 ,LAME       , 371 ,08/06/20,D               ,DERMATITIS      ,,
     20551 ,08/22/17,08/07/19,04/09/20,   1 ,H    ,    1 ,    0 ,    4 ,LAME       , 218 ,03/12/20,TRIM            ,TRIM            ,,
     20573 ,08/26/17,07/17/19,03/27/20,   1 ,H    ,    1 ,    0 ,    4 ,LAME       , 141 ,12/05/19,D               ,DERMATITIS      ,,
     20581 ,08/26/17,08/31/19,02/20/20,   1 ,H    ,    1 ,    0 ,    4 ,LAME       , 138 ,01/16/20,U               ,UPPERLEG        ,,
     20581 ,08/26/17,08/31/19,02/20/20,   1 ,H    ,    2 ,    0 ,    4 ,LAME       , 145 ,01/23/20,U               ,UPPERLEG        ,,
     20581 ,08/26/17,08/31/19,02/20/20,   1 ,H    ,    3 ,    0 ,    4 ,LAME       , 152 ,01/30/20,U               ,UPPERLEG        ,,
     20581 ,08/26/17,08/31/19,02/20/20,   1 ,H    ,    4 ,    0 ,    4 ,LAME       , 164 ,02/11/20,U               ,UPPERLEG        ,,
     20593 ,08/27/17,07/17/19,01/16/20,   1 ,H    ,    1 ,    0 ,    4 ,LAME       , 148 ,12/12/19,TRIM            ,TRIM            ,,
     20600 ,08/28/17,09/28/20,02/21/22,   2 ,H    ,    1 ,    1 ,    4 ,LAME       , 108 ,01/14/21,D               ,DERMATITIS      ,,
     20600 ,08/28/17,09/28/20,02/21/22,   2 ,H    ,    2 ,    1 ,    4 ,LAME       , 374 ,10/07/21,BLKWRFII        ,WhiteLineOut    ,Antonio,
     20677 ,09/03/17,07/27/19,06/08/20,   1 ,H    ,    1 ,    0 ,    4 ,LAME       , 248 ,03/31/20,TRIM            ,TRIM            ,,
     20685 ,09/04/17,01/26/21,01/10/22,   2 ,H    ,    1 ,    0 ,    4 ,LAME       , 128 ,06/03/21,U               ,UPPERLEG        ,,
     20685 ,09/04/17,01/26/21,01/10/22,   2 ,H    ,    2 ,    0 ,    4 ,LAME       , 129 ,06/04/21,U               ,UPPERLEG        ,,
     20685 ,09/04/17,01/26/21,01/10/22,   2 ,H    ,    2 ,    0 ,    4 ,FOOTRIM    , 240 ,09/23/21,II              ,Antonio,,
     20698 ,09/05/17,04/12/21,12/17/21,   2 ,H    ,    1 ,    0 ,    4 ,LAME       , 150 ,09/09/21,BLOCK           ,ThinSole/Toe,Antonio,
     20698 ,09/05/17,04/12/21,12/17/21,   2 ,H    ,    2 ,    0 ,    4 ,LAME       , 207 ,11/05/21,BLKXRRII        ,WhiteLineIN     ,Antonio,
     20698 ,09/05/17,04/12/21,12/17/21,   2 ,H    ,    2 ,    0 ,    4 ,FOOTRIM    , 235 ,12/03/21,II              ,Antonio,,
     20708 ,09/06/17,08/24/19,04/30/20,   1 ,H    ,    1 ,    0 ,    4 ,LAME       ,  47 ,10/10/19,D               ,DERMATITIS      ,,
     20708 ,09/06/17,08/24/19,04/30/20,   1 ,H    ,    2 ,    0 ,    4 ,LAME       , 124 ,12/26/19,TRIM            ,TRIM            ,,
     20708 ,09/06/17,08/24/19,04/30/20,   1 ,H    ,    3 ,    0 ,    4 ,LAME       , 243 ,04/23/20,U               ,UPPERLEG        ,,
     20730 ,09/08/17,02/23/21,02/21/22,   2 ,H    ,    0 ,    1 ,    4 ,FOOTRIM    , 184 ,08/26/21,II              ,Antonio,,
     20730 ,09/08/17,02/23/21,02/21/22,   2 ,H    ,    0 ,    1 ,    4 ,FOOTRIM    , 268 ,11/18/21,II              ,Antonio,,
     20745 ,09/09/17,01/01/21,02/21/22,   2 ,H    ,    1 ,    1 ,    4 ,LAME       , 153 ,06/03/21,TRIM            ,TRIM            ,,
     20745 ,09/09/17,01/01/21,02/21/22,   2 ,H    ,    2 ,    1 ,    4 ,LAME       , 154 ,06/04/21,TRIM            ,TRIM            ,,
     20762 ,09/11/17,06/28/21,07/20/22,   2 ,H    ,    1 ,    0 ,    4 ,LAME       , 115 ,10/21/21,TETDRRII        , DD/Wart,Antonio,
     20762 ,09/11/17,06/28/21,07/20/22,   2 ,H    ,    2 ,    0 ,    4 ,LAME       , 241 ,02/24/22,ABXFLRII        ,Foot Rot        ,Antonio,
     20762 ,09/11/17,06/28/21,07/20/22,   2 ,H    ,    3 ,    0 ,    4 ,LAME       , 297 ,04/21/22,TETDRRII        , DD/Wart,Antonio,
     20795 ,09/15/17,07/01/20,04/22/21,   2 ,H    ,    1 ,    0 ,    4 ,LAME       ,  23 ,07/24/20,D               ,DERMATITIS      ,,
     20807 ,09/17/17,10/06/19,04/03/20,   1 ,H    ,    1 ,    0 ,    4 ,LAME       , 130 ,02/13/20,TRIM            ,TRIM            ,,
     20818 ,09/18/17,08/18/19,02/05/21,   1 ,H    ,    1 ,    0 ,    4 ,LAME       , 459 ,11/19/20,D               ,DERMATITIS      ,,
     20855 ,09/23/17,06/30/20,03/30/21,   2 ,H    ,    1 ,    1 ,    4 ,LAME       , 191 ,01/07/21,TRIM            ,TRIM            ,,
     20865 ,09/25/17,09/22/19,12/20/19,   1 ,H    ,    1 ,    0 ,    4 ,LAME       ,  88 ,12/19/19,TRIM            ,TRIM            ,,
     20866 ,09/25/17,08/22/19,03/07/20,   1 ,H    ,    1 ,    0 ,    4 ,LAME       , 112 ,12/12/19,TRIM            ,TRIM            ,,
     20872 ,09/26/17,08/23/19,12/13/19,   1 ,H    ,    1 ,    0 ,    4 ,LAME       , 109 ,12/10/19,F               ,FOOTROT         ,,
     20872 ,09/26/17,08/23/19,12/13/19,   1 ,H    ,    2 ,    0 ,    4 ,LAME       , 111 ,12/12/19,F               ,FOOTROT         ,,
     20883 ,09/26/17,09/25/20,12/03/21,   2 ,H    ,    1 ,    0 ,    4 ,FOOTRIM    , 314 ,08/05/21,II              ,Antonio,,
     20883 ,09/26/17,09/25/20,12/03/21,   2 ,H    ,    1 ,    0 ,    4 ,LAME       , 363 ,09/23/21,TETDLFII        , DD/Wart,Antonio,
     20887 ,09/27/17,10/17/19,12/20/19,   1 ,H    ,    1 ,    0 ,    4 ,LAME       ,  63 ,12/19/19,U               ,UPPERLEG        ,,
     20909 ,09/29/17,12/05/20,01/11/22,   2 ,H    ,    1 ,    1 ,    4 ,LAME       , 264 ,08/26/21,TETDLRII        , DD/Wart,Antonio,
     20924 ,10/01/17,02/06/20,09/10/20,   1 ,H    ,    1 ,    0 ,    4 ,LAME       , 161 ,07/16/20,F               ,FOOTROT         ,,
     20937 ,10/02/17,09/21/19,01/02/21,   1 ,H    ,    1 ,    0 ,    4 ,LAME       , 145 ,02/13/20,TRIM            ,TRIM            ,,
     20937 ,10/02/17,09/21/19,01/02/21,   1 ,H    ,    2 ,    0 ,    4 ,LAME       , 269 ,06/16/20,D               ,DERMATITIS      ,,
     20992 ,10/10/17,11/24/20,01/10/22,   2 ,H    ,    1 ,    2 ,    4 ,LAME       , 234 ,07/16/21,D               ,DERMATITIS      ,,
     21001 ,10/11/17,09/07/19,01/15/21,   1 ,H    ,    1 ,    0 ,    4 ,LAME       , 384 ,09/25/20,D               ,DERMATITIS      ,,
     21014 ,10/12/17,11/18/20,11/08/21,   2 ,H    ,    0 ,    2 ,    4 ,FOOTRIM    , 281 ,08/26/21,II              ,Antonio,,
     21015 ,10/13/17,08/02/21,04/08/22,   2 ,H    ,    1 ,    1 ,    4 ,LAME       , 178 ,01/27/22,BLKWRRII        ,WhiteLineOut    ,Antonio,
     21027 ,10/15/17,04/19/21,08/26/21,   2 ,H    ,    1 ,    2 ,    4 ,LAME       ,  59 ,06/17/21,F               ,FOOTROT         ,,
     21027 ,10/15/17,04/19/21,08/26/21,   2 ,H    ,    1 ,    2 ,    4 ,FOOTRIM    , 101 ,07/29/21,II              ,Antonio,,
     21028 ,10/15/17,09/01/19,10/10/19,   1 ,X    ,    1 ,    0 ,    4 ,LAME       ,  37 ,10/08/19,U               ,UPPERLEG        ,,
     21042 ,10/17/17,09/15/20,09/24/21,   2 ,H    ,    0 ,    1 ,    4 ,FOOTRIM    , 317 ,07/29/21,II              ,Antonio,,
     21042 ,10/17/17,09/15/20,09/24/21,   2 ,H    ,    0 ,    1 ,    4 ,FOOTRIM    , 324 ,08/05/21,II              ,Antonio,,
     21066 ,10/20/17,10/19/20,02/21/22,   2 ,H    ,    1 ,    1 ,    4 ,LAME       , 255 ,07/01/21,TRIM            ,TRIM            ,,
     21066 ,10/20/17,10/19/20,02/21/22,   2 ,H    ,    1 ,    1 ,    4 ,FOOTRIM    , 353 ,10/07/21,II              ,Antonio,,
     21118 ,10/29/17,10/09/19,12/20/19,   1 ,H    ,    1 ,    0 ,    4 ,LAME       ,  71 ,12/19/19,TRIM            ,TRIM            ,,
     21173 ,11/07/17,09/26/19,10/16/20,   1 ,H    ,    1 ,    0 ,    4 ,LAME       , 365 ,09/25/20,TRIM            ,TRIM            ,,
     21182 ,11/08/17,10/20/20,12/09/21,   2 ,H    ,    1 ,    0 ,    4 ,LAME       , 198 ,05/06/21,D               ,DERMATITIS      ,,
     21182 ,11/08/17,10/20/20,12/09/21,   2 ,H    ,    2 ,    0 ,    4 ,LAME       , 381 ,11/05/21,TETDLRII        , DD/Wart,Antonio,
     21226 ,11/15/17,09/20/20,04/23/21,   2 ,H    ,    1 ,    0 ,    4 ,LAME       ,  26 ,10/16/20,D               ,DERMATITIS      ,,
     21244 ,11/17/17,09/30/19,07/27/20,   1 ,H    ,    1 ,    0 ,    4 ,LAME       , 227 ,05/14/20,F               ,FOOTROT         ,,
     21260 ,11/20/17,11/17/19,02/13/20,   1 ,H    ,    1 ,    0 ,    4 ,LAME       ,  39 ,12/26/19,F               ,FOOTROT         ,,
     21260 ,11/20/17,11/17/19,02/13/20,   1 ,H    ,    2 ,    0 ,    4 ,LAME       ,  40 ,12/27/19,EXD1.21         ,,,
     21261 ,11/20/17,06/05/20,02/21/22,   1 ,H    ,    1 ,    0 ,    4 ,LAME       , 167 ,11/19/20,D               ,DERMATITIS      ,,
     21302 ,11/25/17,01/16/21,03/18/21,   2 ,X    ,    1 ,    0 ,    4 ,LAME       ,  60 ,03/17/21,U               ,UPPERLEG        ,,
     21321 ,11/27/17,10/12/19,04/10/20,   1 ,H    ,    1 ,    0 ,    4 ,LAME       , 124 ,02/13/20,TRIM            ,TRIM            ,,
     21335 ,11/28/17,11/12/20,11/19/21,   2 ,H    ,    1 ,    0 ,    4 ,LAME       , 154 ,04/15/21,TRIM            ,TRIM            ,,
     21350 ,11/30/17,11/19/20,09/24/21,   2 ,H    ,    1 ,    1 ,    4 ,LAME       , 210 ,06/17/21,F               ,FOOTROT         ,,
     21377 ,08/16/19,07/26/21,11/07/22,   1 ,H    ,    0 ,    0 ,    4 ,FOOTRIM    , 130 ,12/03/21,II              ,Antonio,,
     21403 ,12/11/17,11/01/19,12/20/19,   1 ,H    ,    1 ,    0 ,    4 ,LAME       ,  48 ,12/19/19,TRIM            ,TRIM            ,,
     21846 ,10/20/17,11/04/20,07/18/22,   2 ,H    ,    1 ,    0 ,    4 ,LAME       , 295 ,08/26/21,TETDRRII        , DD/Wart,Antonio,
     22232 ,11/09/17,12/15/20,11/08/21,   2 ,H    ,    0 ,    0 ,    4 ,FOOTRIM    , 254 ,08/26/21,II              ,Antonio,,
     22477 ,11/22/17,12/05/19,08/07/20,   1 ,H    ,    1 ,    0 ,    4 ,LAME       , 245 ,08/06/20,U               ,UPPERLEG        ,,
     23995 ,08/11/19,07/26/21,10/24/22,   1 ,H    ,    0 ,    0 ,    4 ,FOOTRIM    , 297 ,05/19/22,NONE            ,Antonio,,
     24962 ,12/17/17,11/16/19,11/24/20,   1 ,H    ,    1 ,    0 ,    4 ,LAME       , 180 ,05/14/20,F               ,FOOTROT         ,,
     24962 ,12/17/17,11/16/19,11/24/20,   1 ,H    ,    2 ,    0 ,    4 ,LAME       , 285 ,08/27/20,D               ,DERMATITIS      ,,
     25000 ,12/22/17,11/23/19,01/04/21,   1 ,H    ,    1 ,    0 ,    4 ,LAME       , 362 ,11/19/20,D               ,DERMATITIS      ,,
     25004 ,12/22/17,03/09/20,04/09/21,   1 ,H    ,    1 ,    0 ,    4 ,LAME       , 115 ,07/02/20,D               ,DERMATITIS      ,,
     25007 ,12/23/17,12/14/20,12/09/21,   2 ,H    ,    0 ,    1 ,    4 ,FOOTRIM    , 354 ,12/03/21,II              ,Antonio,,
     25020 ,12/25/17,01/24/20,06/03/21,   1 ,H    ,    1 ,    0 ,    4 ,LAME       , 188 ,07/30/20,D               ,DERMATITIS      ,,
     25034 ,12/27/17,04/24/21,11/08/21,   2 ,H    ,    1 ,    0 ,    4 ,LAME       , 164 ,10/05/21,ABXFRRII        ,Foot Rot        ,Antonio,
     25034 ,12/27/17,04/24/21,11/08/21,   2 ,H    ,    2 ,    0 ,    4 ,LAME       , 192 ,11/02/21,BEEFII          ,Beef            ,Antonio,
     25040 ,12/28/17,10/09/19,12/20/19,   1 ,H    ,    1 ,    0 ,    4 ,LAME       ,  71 ,12/19/19,TRIM            ,TRIM            ,,
     25071 ,01/01/18,11/08/20,10/07/21,   2 ,H    ,    1 ,    0 ,    4 ,LAME       , 235 ,07/01/21,TRIM            ,TRIM            ,,
     25071 ,01/01/18,11/08/20,10/07/21,   2 ,H    ,    1 ,    0 ,    4 ,FOOTRIM    , 263 ,07/29/21,II              ,Antonio,,
     25090 ,01/03/18,11/12/20,07/19/21,   2 ,H    ,    1 ,    0 ,    4 ,LAME       , 246 ,07/16/21,T BLOCK         ,THIN SOLES      ,,
     25104 ,01/06/18,01/12/21,02/17/21,   2 ,H    ,    1 ,    2 ,    4 ,LAME       ,  30 ,02/11/21,U               ,UPPERLEG        ,,
     25104 ,01/06/18,01/12/21,02/17/21,   2 ,H    ,    2 ,    2 ,    4 ,LAME       ,  35 ,02/16/21,F               ,FOOTROT         ,,
     25151 ,01/14/18,12/08/19,08/26/21,   1 ,H    ,    1 ,    0 ,    4 ,LAME       , 606 ,08/05/21,BLKWLRII        ,WhiteLineOut    ,Antonio,
     25155 ,01/14/18,06/21/20,09/24/21,   1 ,H    ,    1 ,    0 ,    4 ,LAME       , 375 ,07/01/21,TRIM            ,TRIM            ,,
     25155 ,01/14/18,06/21/20,09/24/21,   1 ,H    ,    2 ,    0 ,    4 ,LAME       , 431 ,08/26/21,TETDRRII        , DD/Wart,Antonio,
     25165 ,01/18/18,11/30/19,12/28/20,   1 ,H    ,    1 ,    0 ,    4 ,LAME       , 201 ,06/18/20,D               ,DERMATITIS      ,,
     25194 ,01/24/18,08/03/21,12/12/22,   2 ,H    ,    1 ,    0 ,    4 ,LAME       ,  94 ,11/05/21,TETDRRII        , DD/Wart,Antonio,
     25215 ,01/29/18,12/14/20,10/07/21,   2 ,H    ,    1 ,    0 ,    4 ,LAME       , 185 ,06/17/21,TRIM            ,TRIM            ,,
     25219 ,01/29/18,02/01/22,10/28/22,   2 ,H    ,    1 ,    0 ,    4 ,LAME       , 198 ,08/18/22,TETDRR          , DD/Wart,Antonio,
     25228 ,01/30/18,12/25/20,12/03/21,   2 ,H    ,    1 ,    1 ,    4 ,LAME       , 328 ,11/18/21,TETDLRII        , DD/Wart,Antonio,
     25251 ,02/04/18,02/16/20,04/08/21,   1 ,H    ,    1 ,    0 ,    4 ,LAME       , 277 ,11/19/20,TRIM            ,TRIM            ,,
     25251 ,02/04/18,02/16/20,04/08/21,   1 ,H    ,    2 ,    0 ,    4 ,LAME       , 291 ,12/03/20,TRIM            ,TRIM            ,,
     25251 ,02/04/18,02/16/20,04/08/21,   1 ,H    ,    3 ,    0 ,    4 ,LAME       , 375 ,02/25/21,TRIM            ,TRIM            ,,
     25257 ,02/05/18,04/19/20,11/13/20,   1 ,H    ,    1 ,    0 ,    4 ,LAME       ,  18 ,05/07/20,F               ,FOOTROT         ,,
     25278 ,02/09/18,04/07/20,12/28/20,   1 ,H    ,    1 ,    0 ,    4 ,LAME       , 226 ,11/19/20,D               ,DERMATITIS      ,,
     25285 ,02/12/18,12/17/20,10/08/21,   2 ,H    ,    1 ,    1 ,    4 ,LAME       ,  70 ,02/25/21,TRIM            ,TRIM            ,,
     25285 ,02/12/18,12/17/20,10/08/21,   2 ,H    ,    2 ,    1 ,    4 ,LAME       , 196 ,07/01/21,TRIM            ,TRIM            ,,
     25313 ,02/17/18,01/04/20,12/07/20,   1 ,H    ,    1 ,    0 ,    4 ,LAME       , 180 ,07/02/20,D               ,DERMATITIS      ,,
     25313 ,02/17/18,01/04/20,12/07/20,   1 ,H    ,    2 ,    0 ,    4 ,LAME       , 271 ,10/01/20,TRIM            ,TRIM            ,,
     25317 ,02/18/18,01/02/21,01/06/22,   2 ,H    ,    1 ,    1 ,    4 ,LAME       , 143 ,05/25/21,D               ,DERMATITIS      ,,
     25336 ,02/23/18,04/06/20,09/17/21,   1 ,H    ,    1 ,    0 ,    4 ,LAME       , 290 ,01/21/21,TRIM            ,TRIM            ,,
     25373 ,03/05/18,04/22/23,07/08/23,   4 ,X    ,    1 ,    0 ,    4 ,LAME       ,  19 ,05/11/23,TETDLH          , DD/Wart,Antonio,
     25379 ,03/07/18,01/24/20,03/11/21,   1 ,H    ,    1 ,    0 ,    4 ,LAME       ,  20 ,02/13/20,TRIM            ,TRIM            ,,
     25379 ,03/07/18,01/24/20,03/11/21,   1 ,H    ,    2 ,    0 ,    4 ,LAME       , 328 ,12/17/20,TRIM            ,TRIM            ,,
     25402 ,03/12/18,03/06/21,03/21/22,   2 ,H    ,    0 ,    0 ,    4 ,FOOTRIM    , 173 ,08/26/21,II              ,Antonio,,
     25404 ,03/12/18,04/03/21,05/20/22,   2 ,H    ,    1 ,    0 ,    4 ,LAME       , 250 ,12/09/21,TETDRRII        , DD/Wart,Antonio,
     25477 ,04/01/18,07/08/21,11/08/21,   2 ,H    ,    1 ,    0 ,    4 ,LAME       , 120 ,11/05/21,ABXFLRII        ,Foot Rot        ,Antonio,
     25598 ,05/11/18,05/09/20,12/07/20,   1 ,H    ,    1 ,    0 ,    4 ,LAME       , 117 ,09/03/20,TRIM            ,TRIM            ,,
     25598 ,05/11/18,05/09/20,12/07/20,   1 ,H    ,    2 ,    0 ,    4 ,LAME       , 194 ,11/19/20,F               ,FOOTROT         ,,
     25615 ,05/15/18,03/29/21,11/08/21,   2 ,H    ,    1 ,    0 ,    4 ,LAME       , 109 ,07/16/21,T BLOCK         ,THIN SOLES      ,,
     25615 ,05/15/18,03/29/21,11/08/21,   2 ,H    ,    2 ,    0 ,    4 ,LAME       , 164 ,09/09/21,LR              , DD/Wart,Antonio,
     25615 ,05/15/18,03/29/21,11/08/21,   2 ,H    ,    3 ,    0 ,    4 ,LAME       , 171 ,09/16/21,BLKXLR          ,WhiteLineIN     ,Antonio,
     25615 ,05/15/18,03/29/21,11/08/21,   2 ,H    ,    4 ,    0 ,    4 ,LAME       , 178 ,09/23/21,BLKULRII        ,Sole Ulcer      ,Antonio,
     25615 ,05/15/18,03/29/21,11/08/21,   2 ,H    ,    5 ,    0 ,    4 ,LAME       , 192 ,10/07/21,ABXFLRII        ,Foot Rot        ,,
     25615 ,05/15/18,03/29/21,11/08/21,   2 ,H    ,    6 ,    0 ,    4 ,LAME       , 221 ,11/05/21,BEEFII          ,Beef            ,Antonio,
     25640 ,05/21/18,04/28/20,01/11/22,   1 ,H    ,    1 ,    0 ,    4 ,LAME       ,  51 ,06/18/20,TRIM            ,TRIM            ,,
     25640 ,05/21/18,04/28/20,01/11/22,   1 ,H    ,    2 ,    0 ,    4 ,LAME       , 317 ,03/11/21,TRIM            ,TRIM            ,,
     25641 ,05/22/18,03/02/22,01/27/23,   2 ,H    ,    1 ,    1 ,    4 ,LAME       , 253 ,11/10/22,TETDLF          , DD/Wart,Antonio,
     25657 ,05/26/18,08/04/21,09/22/21,   2 ,H    ,    1 ,    0 ,    4 ,LAME       ,  11 ,08/15/21,ABXFRRII        ,Foot Rot        ,Antonio,
     25657 ,05/26/18,08/04/21,09/22/21,   2 ,H    ,    2 ,    0 ,    4 ,LAME       ,  12 ,08/16/21,ABXFRRII        ,Foot Rot        ,Antonio,
     25659 ,05/27/18,04/26/21,04/07/22,   2 ,H    ,    1 ,    0 ,    4 ,LAME       ,  81 ,07/16/21,T BLOCK         ,THIN SOLES      ,,
     25659 ,05/27/18,04/26/21,04/07/22,   2 ,H    ,    2 ,    0 ,    4 ,LAME       ,  94 ,07/29/21,ABXFLFII        ,Foot Rot        ,Antonio,
     25659 ,05/27/18,04/26/21,04/07/22,   2 ,H    ,    3 ,    0 ,    4 ,LAME       , 325 ,03/17/22,BLKXRRII        ,WhiteLineIN     ,Antonio,
     25746 ,06/20/18,12/09/21,02/13/23,   2 ,H    ,    1 ,    0 ,    4 ,LAME       , 357 ,12/01/22,TETDLR          , DD/Wart,Antonio,
     25769 ,06/24/18,06/04/20,12/03/21,   1 ,H    ,    1 ,    0 ,    4 ,LAME       , 364 ,06/03/21,TRIM            ,TRIM            ,,
     25769 ,06/24/18,06/04/20,12/03/21,   1 ,H    ,    2 ,    0 ,    4 ,LAME       , 365 ,06/04/21,TRIM            ,TRIM            ,,
     25842 ,07/10/18,05/16/20,02/15/21,   1 ,H    ,    1 ,    0 ,    4 ,LAME       , 132 ,09/25/20,TRIM            ,TRIM            ,,
     25842 ,07/10/18,05/16/20,02/15/21,   1 ,H    ,    2 ,    0 ,    4 ,LAME       , 173 ,11/05/20,TRIM            ,TRIM            ,,
     25848 ,07/11/18,05/18/20,12/03/21,   1 ,H    ,    1 ,    0 ,    4 ,LAME       ,  45 ,07/02/20,D               ,DERMATITIS      ,,
     25869 ,07/15/18,11/19/21,12/12/22,   2 ,H    ,    1 ,    0 ,    4 ,LAME       , 237 ,07/14/22,TETDLR          , DD/Wart,Antonio,
     25919 ,07/27/18,08/20/20,10/08/21,   1 ,H    ,    1 ,    0 ,    4 ,LAME       , 203 ,03/11/21,TRIM            ,TRIM            ,,
     25934 ,07/29/18,07/25/20,01/31/21,   1 ,H    ,    1 ,    0 ,    4 ,LAME       , 187 ,01/28/21,U               ,UPPERLEG        ,,
     26947 ,07/15/18,08/08/20,10/07/21,   1 ,H    ,    1 ,    0 ,    4 ,LAME       , 159 ,01/14/21,TRIM            ,TRIM            ,,
     27765 ,06/28/18,07/31/21,04/08/22,   2 ,H    ,    1 ,    0 ,    4 ,LAME       , 199 ,02/15/22,ABXFBLII        ,Foot Rot        ,Juan M,
     27824 ,07/01/18,07/24/20,09/28/20,   1 ,H    ,    1 ,    0 ,    4 ,LAME       ,  63 ,09/25/20,U               ,UPPERLEG        ,,
     28022 ,07/10/18,07/02/20,11/08/21,   1 ,H    ,    1 ,    0 ,    4 ,LAME       , 168 ,12/17/20,D               ,DERMATITIS      ,,
     28393 ,07/26/18,07/22/20,04/26/21,   1 ,H    ,    1 ,    0 ,    4 ,LAME       , 134 ,12/03/20,TRIM            ,TRIM            ,,
     28622 ,08/05/18,09/24/21,11/07/22,   2 ,H    ,    1 ,    2 ,    4 ,LAME       , 328 ,08/18/22,BLKWRR          ,WhiteLineOut    ,Antonio,
     28971 ,08/12/18,08/17/20,02/11/21,   1 ,H    ,    1 ,    0 ,    4 ,LAME       , 171 ,02/04/21,TRIM            ,TRIM            ,,
     29152 ,08/20/18,07/12/20,01/10/22,   1 ,H    ,    1 ,    0 ,    4 ,LAME       , 249 ,03/18/21,TRIM            ,TRIM            ,,
     29170 ,08/21/18,06/30/21,11/07/22,   2 ,H    ,    1 ,    0 ,    4 ,LAME       , 226 ,02/11/22,BLKWRFII        ,WhiteLineOut    ,Antonio,
     29354 ,08/29/18,08/28/20,09/10/21,   1 ,H    ,    1 ,    0 ,    4 ,LAME       , 181 ,02/25/21,TRIM            ,TRIM            ,,
     29410 ,09/01/18,07/28/20,03/21/22,   1 ,H    ,    1 ,    0 ,    4 ,LAME       , 212 ,02/25/21,TRIM            ,TRIM            ,,
     29410 ,09/01/18,07/28/20,03/21/22,   1 ,H    ,    2 ,    0 ,    4 ,LAME       , 338 ,07/01/21,TRIM            ,TRIM            ,,
     29410 ,09/01/18,07/28/20,03/21/22,   1 ,H    ,    2 ,    0 ,    4 ,FOOTRIM    , 499 ,12/09/21,II              ,Antonio,,
     29555 ,09/09/18,07/15/20,02/21/22,   1 ,H    ,    1 ,    0 ,    4 ,LAME       , 274 ,04/15/21,TRIM            ,TRIM            ,,
     29752 ,09/16/18,09/24/21,10/24/22,   2 ,H    ,    1 ,    0 ,    4 ,LAME       ,   3 ,09/27/21,TETDRF          , DD/Wart,Antonio,
     29882 ,09/17/18,08/02/20,12/09/21,   1 ,H    ,    1 ,    0 ,    4 ,LAME       , 207 ,02/25/21,TRIM            ,TRIM            ,,
     29955 ,09/21/18,07/14/20,03/21/22,   1 ,H    ,    1 ,    0 ,    4 ,LAME       ,  30 ,08/13/20,TRIM            ,TRIM            ,,
     30337 ,11/03/19,02/08/22,06/20/23,   1 ,H    ,    0 ,    0 ,    4 ,FOOTRIM    , 408 ,03/23/23,NONE            ,Antonio,,
     31318 ,01/15/20,04/04/22,06/20/23,   1 ,H    ,    1 ,    0 ,    4 ,LAME       , 304 ,02/02/23,BLKWRR          ,WhiteLineOut    ,Antonio,
     31435 ,02/09/20,02/04/23,06/05/23,   2 ,H    ,    0 ,    0 ,    4 ,FOOTRIM    ,  47 ,03/23/23,NONE            ,Antonio,,
     31649 ,12/10/19,02/05/22,08/15/22,   1 ,H    ,    1 ,    0 ,    4 ,LAME       , 157 ,07/12/22,TETDRF          , DD/Wart,Antonio,
     31649 ,12/10/19,02/05/22,08/15/22,   1 ,H    ,    2 ,    0 ,    4 ,LAME       , 159 ,07/14/22,ABXFRF          ,Foot Rot        ,Antonio,
     32632 ,01/14/20,02/18/22,10/24/22,   1 ,H    ,    1 ,    0 ,    4 ,LAME       ,  98 ,05/27/22,TETDLR          , DD/Wart,Antonio,
     32632 ,01/14/20,02/18/22,10/24/22,   1 ,H    ,    2 ,    0 ,    4 ,LAME       , 200 ,09/06/22,TETDLR          , DD/Wart,Antonio,
     32667 ,01/16/20,02/11/22,10/18/22,   1 ,H    ,    1 ,    0 ,    4 ,LAME       , 245 ,10/14/22,ABXFLR          ,Foot Rot        ,Antonio,
     35950 ,06/30/20,04/15/23,07/13/23,   2 ,X    ,    0 ,    0 ,    4 ,FOOTRIM    ,  62 ,06/16/23,NONE            ,Antonio,,
     36129 ,07/06/20,05/12/22,07/13/23,   1 ,X    ,    1 ,    0 ,    4 ,LAME       , 168 ,10/27/22,TETDLR          , DD/Wart,Antonio,
     44539 ,04/18/20,02/20/23,07/13/23,   2 ,X    ,    1 ,    0 ,    4 ,LAME       ,  59 ,04/20/23,TETDRF          , DD/Wart,Antonio,
     51308 ,02/06/14,03/23/18,02/18/19,   2 ,H    ,    1 ,    0 ,    4 ,LAME       , 251 ,11/29/18,TRIM            ,TRIM            ,,
     51329 ,02/15/14,02/05/18,09/27/19,   2 ,H    ,    2 ,    0 ,    4 ,LAME       , 409 ,03/21/19,TRIM            ,TRIM            ,,
     51483 ,04/17/14,02/25/19,10/25/19,   3 ,H    ,    1 ,    3 ,    4 ,LAME       , 162 ,08/06/19,F               ,FOOTROT         ,,
     51483 ,04/17/14,02/25/19,10/25/19,   3 ,H    ,    2 ,    3 ,    4 ,LAME       , 171 ,08/15/19,F               ,FOOTROT         ,,
     51483 ,04/17/14,02/25/19,10/25/19,   3 ,H    ,    3 ,    3 ,    4 ,LAME       , 176 ,08/20/19,F               ,FOOTROT         ,,
     51483 ,04/17/14,02/25/19,10/25/19,   3 ,H    ,    4 ,    3 ,    4 ,LAME       , 185 ,08/29/19,F               ,FOOTROT         ,,
     51483 ,04/17/14,02/25/19,10/25/19,   3 ,H    ,    5 ,    3 ,    4 ,LAME       , 213 ,09/26/19,TRIM            ,TRIM            ,,
     51483 ,04/17/14,02/25/19,10/25/19,   3 ,H    ,    6 ,    3 ,    4 ,LAME       , 234 ,10/17/19,F               ,FOOTROT         ,,
     53151 ,06/05/14,07/20/18,04/01/19,   2 ,H    ,    1 ,    0 ,    4 ,LAME       , 195 ,01/31/19,TRIM            ,TRIM            ,,
     56840 ,11/04/14,12/20/17,10/12/18,   2 ,H    ,    2 ,    1 ,    4 ,LAME       , 300 ,10/16/18,TRIM            ,TRIM            ,,
     58917 ,11/19/14,12/23/17,10/17/18,   2 ,H    ,    1 ,    1 ,    4 ,LAME       , 285 ,10/04/18,TRIM            ,TRIM            ,,
     58958 ,12/06/14,11/16/17,12/31/18,   2 ,H    ,    2 ,    0 ,    4 ,LAME       , 406 ,12/27/18,F               ,FOOTROT         ,,
     59039 ,12/12/14,01/11/18,10/17/18,   2 ,H    ,    1 ,    1 ,    4 ,LAME       , 266 ,10/04/18,F               ,FOOTROT         ,,
     59198 ,01/15/15,03/17/18,02/22/19,   2 ,H    ,    1 ,    0 ,    4 ,LAME       , 304 ,01/15/19,F               ,FOOTROT         ,,
     59198 ,01/15/15,03/17/18,02/22/19,   2 ,H    ,    2 ,    0 ,    4 ,LAME       , 306 ,01/17/19,F               ,FOOTROT         ,,
     59198 ,01/15/15,03/17/18,02/22/19,   2 ,H    ,    3 ,    0 ,    4 ,LAME       , 320 ,01/31/19,F               ,FOOTROT         ,,
     60025 ,02/10/15,08/16/18,08/15/19,   2 ,H    ,    1 ,    1 ,    4 ,LAME       ,  70 ,10/25/18,F               ,FOOTROT         ,,
     60025 ,02/10/15,08/16/18,08/15/19,   2 ,H    ,    2 ,    1 ,    4 ,LAME       , 161 ,01/24/19,U               ,UPPERLEG        ,,
     60025 ,02/10/15,08/16/18,08/15/19,   2 ,H    ,    3 ,    1 ,    4 ,LAME       , 301 ,06/13/19,TRIM            ,TRIM            ,,
     60025 ,02/10/15,08/16/18,08/15/19,   2 ,H    ,    4 ,    1 ,    4 ,LAME       , 308 ,06/20/19,T               ,THIN SOLES      ,,
     60025 ,02/10/15,08/16/18,08/15/19,   2 ,H    ,    5 ,    1 ,    4 ,LAME       , 315 ,06/27/19,F               ,FOOTROT         ,,
     60025 ,02/10/15,08/16/18,08/15/19,   2 ,H    ,    6 ,    1 ,    4 ,LAME       , 329 ,07/11/19,F               ,FOOTROT         ,,
     60096 ,03/09/15,12/06/18,11/21/19,   2 ,H    ,    1 ,    0 ,    4 ,LAME       ,  84 ,02/28/19,F               ,FOOTROT         ,,
     60161 ,04/01/15,08/03/18,01/16/19,   2 ,H    ,    1 ,    1 ,    4 ,LAME       ,  67 ,10/09/18,F               ,FOOTROT         ,,
     60246 ,05/17/15,04/26/18,12/06/18,   2 ,H    ,    1 ,    1 ,    4 ,LAME       , 215 ,11/27/18,U               ,UPPERLEG        ,,
     60246 ,05/17/15,04/26/18,12/06/18,   2 ,H    ,    3 ,    1 ,    4 ,LAME       , 217 ,11/29/18,U               ,UPPERLEG        ,,
     60246 ,05/17/15,04/26/18,12/06/18,   2 ,H    ,    4 ,    1 ,    4 ,LAME       , 222 ,12/04/18,U-BEEF          ,UPPERLEG        ,,
     60285 ,06/08/15,03/23/18,07/18/19,   2 ,H    ,    1 ,    2 ,    4 ,LAME       , 447 ,06/13/19,TRIM            ,TRIM            ,,
     60285 ,06/08/15,03/23/18,07/18/19,   2 ,H    ,    2 ,    2 ,    4 ,LAME       , 461 ,06/27/19,F               ,FOOTROT         ,,
     60285 ,06/08/15,03/23/18,07/18/19,   2 ,H    ,    3 ,    2 ,    4 ,LAME       , 475 ,07/11/19,F               ,FOOTROT         ,,
     60298 ,06/17/15,06/04/19,04/24/20,   2 ,H    ,    1 ,    0 ,    4 ,LAME       ,   6 ,06/10/19,T BLOCK         ,THIN SOLES      ,,
     60298 ,06/17/15,06/04/19,04/24/20,   2 ,H    ,    2 ,    0 ,    4 ,LAME       ,  42 ,07/16/19,F               ,FOOTROT         ,,
     60298 ,06/17/15,06/04/19,04/24/20,   2 ,H    ,    3 ,    0 ,    4 ,LAME       ,  58 ,08/01/19,F               ,FOOTROT         ,,
     60298 ,06/17/15,06/04/19,04/24/20,   2 ,H    ,    4 ,    0 ,    4 ,LAME       ,  77 ,08/20/19,F               ,FOOTROT         ,,
     60298 ,06/17/15,06/04/19,04/24/20,   2 ,H    ,    5 ,    0 ,    4 ,LAME       , 114 ,09/26/19,TRIM            ,TRIM            ,,
     60298 ,06/17/15,06/04/19,04/24/20,   2 ,H    ,    6 ,    0 ,    4 ,LAME       , 126 ,10/08/19,F               ,FOOTROT         ,,
     60298 ,06/17/15,06/04/19,04/24/20,   2 ,H    ,    7 ,    0 ,    4 ,LAME       , 154 ,11/05/19,U               ,UPPERLEG        ,,
     60298 ,06/17/15,06/04/19,04/24/20,   2 ,H    ,    8 ,    0 ,    4 ,LAME       , 226 ,01/16/20,F               ,FOOTROT         ,,
     60298 ,06/17/15,06/04/19,04/24/20,   2 ,H    ,    9 ,    0 ,    4 ,LAME       , 233 ,01/23/20,F               ,FOOTROT         ,,
     60298 ,06/17/15,06/04/19,04/24/20,   2 ,H    ,   10 ,    0 ,    4 ,LAME       , 240 ,01/30/20,F               ,FOOTROT         ,,
     60298 ,06/17/15,06/04/19,04/24/20,   2 ,H    ,   11 ,    0 ,    4 ,LAME       , 308 ,04/07/20,F               ,FOOTROT         ,,
     60345 ,07/11/15,08/07/18,02/18/19,   2 ,H    ,    2 ,    2 ,    4 ,LAME       , 191 ,02/14/19,F               ,FOOTROT         ,,
     60388 ,07/31/15,08/09/18,03/18/19,   2 ,H    ,    1 ,    1 ,    4 ,LAME       , 147 ,01/03/19,D               ,DERMATITIS      ,,
     60395 ,08/02/15,09/07/18,06/21/19,   2 ,H    ,    1 ,    0 ,    4 ,LAME       , 130 ,01/15/19,F               ,FOOTROT         ,,
     60395 ,08/02/15,09/07/18,06/21/19,   2 ,H    ,    2 ,    0 ,    4 ,LAME       , 132 ,01/17/19,F               ,FOOTROT         ,,
     60616 ,10/01/15,11/17/18,03/28/19,   2 ,H    ,    1 ,    1 ,    4 ,LAME       , 115 ,03/12/19,F               ,FOOTROT         ,,
     60618 ,08/14/20,06/23/22,07/06/23,   1 ,X    ,    0 ,    0 ,    4 ,FOOTRIM    , 358 ,06/16/23,NONE            ,Antonio,,
     60704 ,08/22/20,11/11/22,07/13/23,   1 ,X    ,    1 ,    0 ,    4 ,LAME       ,   3 ,11/14/22,TETDBR          , DD/Wart,Juan M,
     60906 ,08/13/20,06/28/22,05/21/23,   1 ,X    ,    1 ,    1 ,    4 ,LAME       , 121 ,10/27/22,BLKURR          ,Sole Ulcer      ,Antonio,
     60906 ,08/13/20,06/28/22,05/21/23,   1 ,X    ,    2 ,    1 ,    4 ,LAME       , 268 ,03/23/23,BLKXRR          ,WhiteLineIN     ,Antonio,
     61373 ,09/14/20,07/24/22,07/05/23,   1 ,X    ,    1 ,    0 ,    4 ,LAME       , 332 ,06/21/23,TETDLR          , DD/Wart,Antonio,
     61760 ,09/26/20,11/08/22,07/08/23,   1 ,X    ,    1 ,    0 ,    4 ,LAME       , 220 ,06/16/23,ABXFRR          ,Foot Rot        ,Antonio,
     61776 ,09/27/20,12/09/22,06/20/23,   1 ,X    ,    1 ,    0 ,    4 ,LAME       , 111 ,03/30/23,TRMLLR          ,Leg/Injury,Antonio,
     62023 ,09/29/20,11/20/22,07/13/23,   1 ,X    ,    1 ,    0 ,    4 ,LAME       , 221 ,06/29/23,BLKWRR          ,WhiteLineOut    ,Antonio,
     62565 ,07/13/15,07/19/18,10/11/19,   2 ,H    ,    1 ,    0 ,    4 ,LAME       , 378 ,08/01/19,TRIM            ,TRIM            ,,
     63225 ,08/06/15,01/13/19,01/23/20,   2 ,H    ,    1 ,    0 ,    4 ,LAME       , 228 ,08/29/19,TRIM            ,TRIM            ,,
     63225 ,08/06/15,01/13/19,01/23/20,   2 ,H    ,    2 ,    0 ,    4 ,LAME       , 235 ,09/05/19,TRIM            ,TRIM            ,,
     63225 ,08/06/15,01/13/19,01/23/20,   2 ,H    ,    3 ,    0 ,    4 ,LAME       , 242 ,09/12/19,TRIM            ,TRIM            ,,
     63241 ,12/16/20,11/15/22,06/20/23,   1 ,X    ,    1 ,    0 ,    4 ,LAME       ,  15 ,11/30/22,TETDFR          , DD/Wart,Juan M,
     63431 ,01/30/20,11/28/22,06/06/23,   2 ,X    ,    1 ,    0 ,    4 ,LAME       ,  24 ,12/22/22,BLKXLR          ,WhiteLineIN     ,Antonio,
     63468 ,12/02/19,12/23/21,01/09/23,   1 ,X    ,    1 ,    0 ,    4 ,LAME       , 352 ,12/10/22,TETDLF          , DD/Wart,Antonio,
     63474 ,12/09/19,12/23/21,10/14/22,   1 ,X    ,    1 ,    0 ,    4 ,LAME       , 161 ,06/02/22,TETDLF          , DD/Wart,Antonio,
     64229 ,09/17/15,08/10/18,08/29/19,   2 ,H    ,    1 ,    0 ,    4 ,LAME       , 160 ,01/17/19,TRIM            ,TRIM            ,,
     64607 ,09/30/15,10/03/18,11/15/19,   2 ,H    ,    1 ,    0 ,    4 ,LAME       , 120 ,01/31/19,TRIM            ,TRIM            ,,
     64607 ,09/30/15,10/03/18,11/15/19,   2 ,H    ,    2 ,    0 ,    4 ,LAME       , 239 ,05/30/19,TRIM            ,TRIM            ,,
     64879 ,10/11/15,09/11/18,03/15/19,   2 ,H    ,    1 ,    0 ,    4 ,LAME       , 175 ,03/05/19,F               ,FOOTROT         ,,
     65179 ,02/19/21,01/11/23,07/03/23,   1 ,X    ,    1 ,    0 ,    4 ,LAME       ,  58 ,03/10/23,TRMOLR          ,Other           ,Antonio,
     65883 ,11/25/15,09/10/18,07/07/19,   2 ,H    ,    1 ,    1 ,    4 ,LAME       , 269 ,06/06/19,TRIM            ,TRIM            ,,
     65887 ,03/22/21,02/05/23,07/13/23,   1 ,X    ,    1 ,    0 ,    4 ,LAME       ,   2 ,02/07/23,TETDQQFR        , DD/Wart,Nacho,
     66029 ,12/02/15,11/23/17,02/28/19,   1 ,H    ,    1 ,    0 ,    4 ,LAME       , 357 ,11/15/18,TRIM            ,TRIM            ,,
     66200 ,11/15/15,01/14/19,06/21/19,   2 ,H    ,    1 ,    1 ,    4 ,LAME       , 143 ,06/06/19,TRIM            ,TRIM            ,,
     66302 ,11/30/15,07/21/18,01/16/20,   1 ,H    ,    1 ,    0 ,    4 ,LAME       , 523 ,12/26/19,TRIM            ,TRIM            ,,
     66374 ,12/12/15,12/06/18,05/17/19,   2 ,H    ,    1 ,    0 ,    4 ,LAME       ,  77 ,02/21/19,TRIM            ,TRIM            ,,
     66420 ,12/22/15,03/26/18,10/11/19,   1 ,H    ,    2 ,    0 ,    4 ,LAME       , 444 ,06/13/19,TRIM            ,TRIM            ,,
     66434 ,12/23/15,08/23/18,01/21/19,   2 ,H    ,    2 ,    2 ,    4 ,LAME       ,  63 ,10/25/18,D               ,DERMATITIS      ,,
     66496 ,01/02/16,07/12/18,06/26/19,   1 ,H    ,    2 ,    0 ,    4 ,LAME       , 329 ,06/06/19,TRIM            ,TRIM            ,,
     66536 ,01/10/16,11/25/18,11/15/19,   2 ,H    ,    1 ,    1 ,    4 ,LAME       , 256 ,08/08/19,TRIM            ,TRIM            ,,
     66559 ,01/17/16,01/12/18,07/18/19,   1 ,H    ,    2 ,    0 ,    4 ,LAME       , 496 ,05/23/19,D               ,DERMATITIS      ,,
     66559 ,01/17/16,01/12/18,07/18/19,   1 ,H    ,    3 ,    0 ,    4 ,LAME       , 503 ,05/30/19,D               ,DERMATITIS      ,,
     66665 ,02/03/16,01/19/19,02/28/19,   2 ,H    ,    1 ,    0 ,    4 ,LAME       ,  38 ,02/26/19,F               ,FOOTROT         ,,
     66690 ,02/08/16,02/04/19,11/15/19,   2 ,H    ,    1 ,    0 ,    4 ,LAME       , 157 ,07/11/19,D               ,DERMATITIS      ,,
     66882 ,12/19/15,02/11/19,10/21/19,   2 ,H    ,    1 ,    0 ,    4 ,LAME       , 122 ,06/13/19,TRIM            ,TRIM            ,,
     66882 ,12/19/15,02/11/19,10/21/19,   2 ,H    ,    2 ,    0 ,    4 ,LAME       , 136 ,06/27/19,D               ,DERMATITIS      ,,
     68064 ,02/22/16,08/23/19,02/14/20,   2 ,H    ,    1 ,    1 ,    4 ,LAME       ,  48 ,10/10/19,TRIM            ,TRIM            ,,
     68225 ,02/15/16,05/26/18,09/13/19,   1 ,H    ,    1 ,    0 ,    4 ,LAME       , 362 ,05/23/19,TRIM            ,TRIM            ,,
     68240 ,02/16/16,11/28/19,06/08/20,   2 ,H    ,    1 ,    0 ,    4 ,LAME       ,  15 ,12/13/19,T BLOCK         ,THIN SOLES      ,,
     68240 ,02/16/16,11/28/19,06/08/20,   2 ,H    ,    2 ,    0 ,    4 ,LAME       ,  70 ,02/06/20,F               ,FOOTROT         ,,
     68240 ,02/16/16,11/28/19,06/08/20,   2 ,H    ,    3 ,    0 ,    4 ,LAME       , 175 ,05/21/20,F               ,FOOTROT         ,,
     68240 ,02/16/16,11/28/19,06/08/20,   2 ,H    ,    4 ,    0 ,    4 ,LAME       , 180 ,05/26/20,F               ,FOOTROT         ,,
     68335 ,03/15/16,07/16/19,07/23/20,   2 ,H    ,    1 ,    0 ,    4 ,LAME       , 268 ,04/09/20,TRIM            ,TRIM            ,,
     68368 ,03/27/16,04/22/18,06/13/19,   1 ,H    ,    1 ,    0 ,    4 ,LAME       , 296 ,02/12/19,U               ,UPPERLEG        ,,
     68387 ,04/04/16,01/25/18,09/12/19,   1 ,H    ,    1 ,    0 ,    4 ,LAME       , 273 ,10/25/18,TRIM            ,TRIM            ,,
     68392 ,04/05/16,07/09/18,12/03/18,   1 ,H    ,    4 ,    0 ,    4 ,LAME       , 115 ,11/01/18,L               ,LAMINITIS       ,,
     68400 ,04/08/16,02/16/19,01/23/20,   2 ,H    ,    1 ,    0 ,    4 ,LAME       , 194 ,08/29/19,D               ,DERMATITIS      ,,
     68403 ,04/09/16,12/11/18,07/30/19,   1 ,X    ,    1 ,    0 ,    4 ,LAME       , 114 ,04/04/19,TRIM            ,TRIM            ,,
     68415 ,04/11/16,12/31/18,09/06/19,   2 ,H    ,    1 ,    0 ,    4 ,LAME       , 248 ,09/05/19,TRIM            ,TRIM            ,,
     68516 ,05/27/16,06/29/18,03/11/19,   1 ,H    ,    2 ,    0 ,    4 ,LAME       , 202 ,01/17/19,F               ,FOOTROT         ,,
     68526 ,06/01/16,09/28/18,04/29/19,   1 ,H    ,    1 ,    0 ,    4 ,LAME       ,  11 ,10/09/18,TRIM            ,TRIM            ,,
     68538 ,06/09/16,07/01/18,11/15/18,   1 ,H    ,    1 ,    1 ,    4 ,LAME       , 100 ,10/09/18,TRIM            ,TRIM            ,,
     68549 ,06/14/16,05/31/19,05/04/20,   2 ,H    ,    1 ,    0 ,    4 ,LAME       , 111 ,09/19/19,TRIM            ,TRIM            ,,
     68563 ,06/23/16,12/13/19,05/08/20,   2 ,H    ,    1 ,    2 ,    4 ,LAME       ,  62 ,02/13/20,TRIM            ,TRIM            ,,
     68596 ,07/02/16,02/02/19,06/13/19,   1 ,H    ,    1 ,    0 ,    4 ,LAME       ,  26 ,02/28/19,T               ,THIN SOLES      ,,
     68596 ,07/02/16,02/02/19,06/13/19,   1 ,H    ,    2 ,    0 ,    4 ,LAME       ,  73 ,04/16/19,F               ,FOOTROT         ,,
     68596 ,07/02/16,02/02/19,06/13/19,   1 ,H    ,    3 ,    0 ,    4 ,LAME       ,  96 ,05/09/19,F               ,FOOTROT         ,,
     68596 ,07/02/16,02/02/19,06/13/19,   1 ,H    ,    4 ,    0 ,    4 ,LAME       , 129 ,06/11/19,F               ,FOOTROT         ,,
     68606 ,07/06/16,03/15/19,06/21/19,   1 ,H    ,    1 ,    0 ,    4 ,LAME       ,  83 ,06/06/19,TRIM            ,TRIM            ,,
     68608 ,07/06/16,07/22/18,01/16/20,   1 ,H    ,    1 ,    0 ,    4 ,LAME       , 284 ,05/02/19,TRIM            ,TRIM            ,,
     68628 ,07/14/16,06/26/18,02/28/19,   1 ,H    ,    1 ,    0 ,    4 ,LAME       , 142 ,11/15/18,TRIM            ,TRIM            ,,
     68647 ,07/19/16,06/23/18,09/13/19,   1 ,H    ,    1 ,    0 ,    4 ,LAME       , 248 ,02/26/19,U               ,UPPERLEG        ,,
     68647 ,07/19/16,06/23/18,09/13/19,   1 ,H    ,    2 ,    0 ,    4 ,LAME       , 250 ,02/28/19,F               ,FOOTROT         ,,
     69282 ,04/05/16,10/01/18,03/13/20,   1 ,H    ,    1 ,    0 ,    4 ,LAME       , 479 ,01/23/20,TRIM            ,TRIM            ,,
     70348 ,01/06/20,12/25/22,06/20/23,   2 ,X    ,    1 ,    0 ,    4 ,LAME       ,  33 ,01/27/23,BLKULR          ,Sole Ulcer      ,Antonio,
     70351 ,01/06/20,11/30/21,08/15/22,   1 ,X    ,    1 ,    0 ,    4 ,LAME       ,  93 ,03/03/22,ABXFLR          ,Foot Rot        ,Antonio,
     70351 ,01/06/20,11/30/21,08/15/22,   1 ,X    ,    2 ,    0 ,    4 ,LAME       , 240 ,07/28/22,TETDLR          , DD/Wart,Antonio,
     70351 ,01/06/20,11/30/21,08/15/22,   1 ,X    ,    3 ,    0 ,    4 ,LAME       , 248 ,08/05/22,BLKXLR          ,WhiteLineIN     ,Antonio,
     70940 ,02/04/20,12/14/21,01/16/23,   1 ,X    ,    1 ,    0 ,    4 ,LAME       , 310 ,10/20/22,TETDLR          , DD/Wart,Antonio,
     71404 ,12/17/19,01/10/22,06/06/23,   1 ,X    ,    1 ,    0 ,    4 ,LAME       , 486 ,05/11/23,BLKWLH          ,WhiteLineOut    ,Antonio,
     72268 ,04/16/20,04/29/22,07/13/23,   1 ,X    ,    1 ,    0 ,    4 ,LAME       ,   4 ,05/03/22,TETDBR          , DD/Wart,Nacho,
     72290 ,04/16/20,12/30/22,03/09/23,   2 ,X    ,    1 ,    0 ,    4 ,LAME       ,   3 ,01/02/23,TETDLR          , DD/Wart,Antonio,
     72529 ,01/06/21,11/24/22,07/08/23,   1 ,X    ,    0 ,    0 ,    4 ,FOOTRIM    , 126 ,03/30/23,NONE            ,Antonio,,
     72565 ,01/14/20,01/24/23,07/08/23,   2 ,X    ,    0 ,    0 ,    4 ,FOOTRIM    , 135 ,06/08/23,NONE            ,Antonio,,
     72588 ,01/19/20,12/31/22,06/06/23,   2 ,X    ,    1 ,    1 ,    4 ,LAME       ,  27 ,01/27/23,BLKXLR          ,WhiteLineIN     ,Antonio,
     72625 ,01/21/20,12/14/21,08/15/22,   1 ,X    ,    1 ,    0 ,    4 ,LAME       , 177 ,06/09/22,BLKWLR          ,WhiteLineOut    ,Antonio,
     72625 ,01/21/20,12/14/21,08/15/22,   1 ,X    ,    2 ,    0 ,    4 ,LAME       , 212 ,07/14/22,BLKULR          ,Sole Ulcer      ,Antonio,
     72625 ,01/21/20,12/14/21,08/15/22,   1 ,X    ,    3 ,    0 ,    4 ,LAME       , 234 ,08/05/22,BLKWLR          ,WhiteLineOut    ,Antonio,
     72852 ,02/01/20,01/10/22,01/09/23,   1 ,X    ,    1 ,    0 ,    4 ,LAME       , 264 ,10/01/22,TETDLR          , DD/Wart,Antonio,
     73503 ,02/02/19,05/14/21,12/12/22,   1 ,X    ,    1 ,    0 ,    4 ,LAME       , 118 ,09/09/21,BLOCK           ,ThinSole/Toe,Antonio,
     73503 ,02/02/19,05/14/21,12/12/22,   1 ,X    ,    2 ,    0 ,    4 ,LAME       , 125 ,09/16/21,BLKWRR          ,WhiteLineOut    ,Antonio,
     73788 ,03/18/19,10/24/22,07/13/23,   2 ,X    ,    1 ,    1 ,    4 ,LAME       , 242 ,06/23/23,BLKWLF          ,WhiteLineOut    ,Antonio,
     73967 ,03/15/19,03/01/21,06/03/21,   1 ,X    ,    1 ,    0 ,    4 ,LAME       ,  80 ,05/20/21,U               ,UPPERLEG        ,,
     73982 ,03/16/19,03/07/22,07/05/23,   2 ,X    ,    1 ,    0 ,    4 ,LAME       ,  31 ,04/07/22,BLKWRRII        ,WhiteLineOut    ,Antonio,
     73982 ,03/16/19,03/07/22,07/05/23,   2 ,X    ,    2 ,    0 ,    4 ,LAME       ,  67 ,05/13/22,BLKWRR          ,WhiteLineOut    ,Antonio,
     73982 ,03/16/19,03/07/22,07/05/23,   2 ,X    ,    2 ,    0 ,    4 ,FOOTRIM    , 416 ,04/27/23,NONE            ,Antonio,,
     74208 ,03/25/19,03/11/22,06/05/23,   2 ,X    ,    1 ,    2 ,    4 ,LAME       , 102 ,06/21/22,BLKWLF          ,WhiteLineOut    ,Antonio,
     74731 ,04/06/19,03/14/22,07/05/23,   2 ,X    ,    1 ,    0 ,    4 ,LAME       , 354 ,03/03/23,TETDRR          , DD/Wart,Antonio,
     74731 ,04/06/19,03/14/22,07/05/23,   2 ,X    ,    2 ,    0 ,    4 ,LAME       , 361 ,03/10/23,TRMLRR          ,Leg/Injury,Antonio,
     74731 ,04/06/19,03/14/22,07/05/23,   2 ,X    ,    3 ,    0 ,    4 ,LAME       , 388 ,04/06/23,ABXFRR          ,Foot Rot        ,Antonio,
     74770 ,04/13/19,03/24/22,07/05/23,   2 ,X    ,    0 ,    2 ,    4 ,FOOTRIM    , 364 ,03/23/23,NONE            ,Antonio,,
     74844 ,04/25/19,05/29/22,07/05/23,   2 ,X    ,    1 ,    0 ,    4 ,LAME       , 235 ,01/19/23,BLKXLF          ,WhiteLineIN     ,Antonio,
     74979 ,04/24/19,03/23/22,05/21/23,   2 ,X    ,    0 ,    0 ,    4 ,FOOTRIM    , 113 ,07/14/22,NONE            ,Antonio,,
     74979 ,04/24/19,03/23/22,05/21/23,   2 ,X    ,    0 ,    0 ,    4 ,FOOTRIM    , 345 ,03/03/23,NONE            ,,,
     74985 ,04/26/19,04/04/21,01/09/23,   1 ,X    ,    1 ,    0 ,    4 ,LAME       , 382 ,04/21/22,TETDRRII        , DD/Wart,Antonio,
     74987 ,04/26/19,07/17/22,07/13/23,   2 ,X    ,    1 ,    0 ,    4 ,LAME       , 200 ,02/02/23,BLKWLR          ,WhiteLineOut    ,Antonio,
     75087 ,05/12/19,05/01/22,05/24/23,   2 ,X    ,    1 ,    0 ,    4 ,LAME       , 166 ,10/14/22,BLKWRR          ,WhiteLineOut    ,Antonio,
     75109 ,05/16/19,03/30/22,07/08/23,   2 ,X    ,    1 ,    1 ,    4 ,LAME       , 260 ,12/15/22,BLKWLF          ,WhiteLineOut    ,Antonio,
     75137 ,05/22/19,04/03/22,06/05/23,   2 ,X    ,    1 ,    0 ,    4 ,LAME       ,  88 ,06/30/22,TRMLLR          ,Leg/Injury,Antonio,
     75137 ,05/22/19,04/03/22,06/05/23,   2 ,X    ,    2 ,    0 ,    4 ,LAME       , 124 ,08/05/22,BLKWLR          ,WhiteLineOut    ,Antonio,
     75189 ,05/10/19,06/28/22,01/16/23,   2 ,X    ,    1 ,    2 ,    4 ,LAME       ,  38 ,08/05/22,BLKWRR          ,WhiteLineOut    ,Antonio,
     75189 ,05/10/19,06/28/22,01/16/23,   2 ,X    ,    2 ,    2 ,    4 ,LAME       , 121 ,10/27/22,BLKWRR          ,WhiteLineOut    ,Antonio,
     75197 ,05/13/19,03/31/21,09/24/21,   1 ,X    ,    1 ,    0 ,    4 ,LAME       , 176 ,09/23/21,BEEFII          ,Beef            ,Antonio,
     75354 ,07/14/19,09/16/22,07/06/23,   2 ,X    ,    1 ,    0 ,    4 ,LAME       , 175 ,03/10/23,BLKWLR          ,WhiteLineOut    ,Antonio,
     75354 ,07/14/19,09/16/22,07/06/23,   2 ,X    ,    2 ,    0 ,    4 ,LAME       , 223 ,04/27/23,BLKXRR          ,WhiteLineIN     ,Antonio,
     75449 ,08/01/19,06/14/21,12/09/21,   1 ,X    ,    1 ,    0 ,    4 ,LAME       , 176 ,12/07/21,TRMLLRII        ,Leg/Injury,Antonio,
     75491 ,05/28/19,12/06/22,06/20/23,   2 ,X    ,    1 ,    1 ,    4 ,LAME       ,  67 ,02/11/23,TETDLR          , DD/Wart,Antonio,
     75635 ,06/16/19,05/04/21,10/14/22,   1 ,X    ,    0 ,    0 ,    4 ,FOOTRIM    , 506 ,09/22/22,NONE            ,Antonio,,
     75702 ,06/24/19,05/11/22,07/06/23,   2 ,X    ,    1 ,    0 ,    4 ,LAME       , 330 ,04/06/23,TRMLRR          ,Leg/Injury,Antonio,
     75863 ,06/24/19,06/03/22,06/20/23,   2 ,X    ,    1 ,    0 ,    4 ,LAME       , 253 ,02/11/23,TRMORR          ,Other           ,Antonio,
     75943 ,07/03/19,05/05/22,11/28/22,   2 ,X    ,    1 ,    0 ,    4 ,LAME       , 140 ,09/22/22,BLKWLR          ,WhiteLineOut    ,Antonio,
     75943 ,07/03/19,05/05/22,11/28/22,   2 ,X    ,    2 ,    0 ,    4 ,LAME       , 203 ,11/24/22,BLKWLR          ,WhiteLineOut    ,Antonio,
     75985 ,07/08/19,08/28/22,07/06/23,   2 ,X    ,    1 ,    0 ,    4 ,LAME       , 187 ,03/03/23,TETDLF          , DD/Wart,Antonio,
     76004 ,07/10/19,06/14/21,08/15/22,   1 ,X    ,    1 ,    0 ,    4 ,LAME       , 388 ,07/07/22,BLKWRR          ,WhiteLineOut    ,Antonio,
     76004 ,07/10/19,06/14/21,08/15/22,   1 ,X    ,    2 ,    0 ,    4 ,LAME       , 417 ,08/05/22,BLKWRR          ,WhiteLineOut    ,Antonio,
     76022 ,07/11/19,09/20/22,07/05/23,   2 ,X    ,    1 ,    0 ,    4 ,LAME       , 247 ,05/25/23,TETDLR          , DD/Wart,Antonio,
     76067 ,07/15/19,07/07/21,06/05/23,   1 ,X    ,    0 ,    0 ,    4 ,FOOTRIM    , 561 ,01/19/23,NONE            ,Antonio,,
     76176 ,07/23/19,07/03/22,05/25/23,   2 ,X    ,    1 ,    0 ,    4 ,LAME       , 116 ,10/27/22,BLKWLR          ,WhiteLineOut    ,Antonio,
     76176 ,07/23/19,07/03/22,05/25/23,   2 ,X    ,    2 ,    0 ,    4 ,LAME       , 298 ,04/27/23,BLKXRF          ,WhiteLineIN     ,Antonio,
     76226 ,07/27/19,07/05/21,10/27/21,   1 ,X    ,    0 ,    0 ,    4 ,FOOTRIM    ,  94 ,10/07/21,II              ,Antonio,,
     76250 ,07/28/19,07/01/22,07/05/23,   2 ,X    ,    1 ,    0 ,    4 ,LAME       , 202 ,01/19/23,ABXFRR          ,Foot Rot        ,Antonio,
     76250 ,07/28/19,07/01/22,07/05/23,   2 ,X    ,    2 ,    0 ,    4 ,LAME       , 321 ,05/18/23,TRMLRR          ,Leg/Injury,Antonio,
     76250 ,07/28/19,07/01/22,07/05/23,   2 ,X    ,    3 ,    0 ,    4 ,LAME       , 328 ,05/25/23,TETDRR          , DD/Wart,Antonio,
     76262 ,07/29/19,06/28/21,10/24/22,   1 ,X    ,    0 ,    0 ,    4 ,FOOTRIM    , 336 ,05/30/22,NONE            ,J&t,,
     76316 ,07/31/19,12/05/22,07/13/23,   2 ,X    ,    1 ,    0 ,    4 ,LAME       , 122 ,04/06/23,TRMORR          ,Other           ,Antonio,
     76365 ,08/04/19,06/13/21,10/29/21,   1 ,X    ,    1 ,    0 ,    4 ,LAME       , 130 ,10/21/21,TETDLRII        , DD/Wart,Antonio,
     76515 ,08/03/19,08/10/21,04/11/22,   1 ,X    ,    1 ,    0 ,    4 ,LAME       , 170 ,01/27/22,BLKWRRII        ,WhiteLineOut    ,Antonio,
     76515 ,08/03/19,08/10/21,04/11/22,   1 ,X    ,    2 ,    0 ,    4 ,LAME       , 203 ,03/01/22,TUMOR           ,Other           ,Antonio,
     76515 ,08/03/19,08/10/21,04/11/22,   1 ,X    ,    3 ,    0 ,    4 ,LAME       , 219 ,03/17/22,BLKXRRII        ,WhiteLineIN     ,Antonio,
     76515 ,08/03/19,08/10/21,04/11/22,   1 ,X    ,    4 ,    0 ,    4 ,LAME       , 226 ,03/24/22,TRMORR          ,Other           ,Antonio,
     76515 ,08/03/19,08/10/21,04/11/22,   1 ,X    ,    5 ,    0 ,    4 ,LAME       , 233 ,03/31/22,TRMOMQII        ,Other           ,Antonio,
     76515 ,08/03/19,08/10/21,04/11/22,   1 ,X    ,    6 ,    0 ,    4 ,LAME       , 240 ,04/07/22,BLKXRRII        ,WhiteLineIN     ,Antonio,
     76622 ,08/14/19,07/05/21,10/01/21,   1 ,X    ,    1 ,    0 ,    4 ,LAME       ,  73 ,09/16/21,BEEFII          ,Beef            ,Antonio,
     76649 ,08/07/19,11/26/21,06/23/22,   1 ,X    ,    1 ,    0 ,    4 ,LAME       , 193 ,06/07/22,TRMLLR          ,Leg/Injury,Antonio,
     76813 ,05/09/18,02/22/23,05/01/23,   3 ,X    ,    1 ,    0 ,    4 ,LAME       ,  64 ,04/27/23,BLKWRR          ,WhiteLineOut    ,Antonio,
     77175 ,06/12/20,05/13/22,07/15/22,   1 ,X    ,    1 ,    0 ,    4 ,LAME       ,  60 ,07/12/22,TETDLF          , DD/Wart,Antonio,
     77186 ,06/13/20,04/29/22,06/29/23,   1 ,X    ,    0 ,    0 ,    4 ,FOOTRIM    , 356 ,04/20/23,NONE            ,Antonio,,
     77411 ,08/23/19,11/22/21,02/03/23,   1 ,X    ,    1 ,    0 ,    4 ,LAME       , 227 ,07/07/22,BLKXLR          ,WhiteLineIN     ,Antonio,
     77779 ,09/22/19,01/03/22,06/05/23,   1 ,X    ,    0 ,    0 ,    4 ,FOOTRIM    , 297 ,10/27/22,NONE            ,Antonio,,
     77779 ,09/22/19,01/03/22,06/05/23,   1 ,X    ,    0 ,    0 ,    4 ,FOOTRIM    , 444 ,03/23/23,NONE            ,Antonio,,
     79065 ,10/16/19,11/18/22,07/13/23,   2 ,X    ,    1 ,    2 ,    4 ,LAME       , 139 ,04/06/23,BLKXRR          ,WhiteLineIN     ,Antonio,
     79232 ,03/03/19,03/20/22,07/05/23,   2 ,X    ,    0 ,    0 ,    4 ,FOOTRIM    , 375 ,03/30/23,NONE            ,Antonio,,
     79407 ,11/02/19,10/10/21,11/07/22,   1 ,X    ,    1 ,    0 ,    4 ,LAME       , 347 ,09/22/22,ABXFLR          ,Foot Rot        ,Antonio,
     79423 ,11/06/19,02/21/23,07/08/23,   2 ,X    ,    1 ,    0 ,    4 ,LAME       , 128 ,06/29/23,TETDRR          , DD/Wart,Antonio,
     79495 ,11/29/19,07/10/22,06/20/23,   1 ,X    ,    1 ,    0 ,    4 ,LAME       ,   5 ,07/15/22,TETDBL          , DD/Wart,Nacho,
     79510 ,12/05/19,09/19/22,06/29/23,   2 ,X    ,    1 ,    1 ,    4 ,LAME       , 122 ,01/19/23,TRMLLR          ,Leg/Injury,Antonio,
     79510 ,12/05/19,09/19/22,06/29/23,   2 ,X    ,    2 ,    1 ,    4 ,LAME       , 145 ,02/11/23,TRMOLR          ,Other           ,Antonio,
     79653 ,11/06/19,12/17/21,06/20/23,   1 ,X    ,    0 ,    1 ,    4 ,FOOTRIM    , 524 ,05/25/23,NONE            ,Antonio,,
     79794 ,11/23/19,11/09/22,07/08/23,   2 ,X    ,    1 ,    0 ,    4 ,LAME       , 211 ,06/08/23,BLKWRR          ,WhiteLineOut    ,Antonio,
     79828 ,11/27/19,01/03/23,07/13/23,   2 ,X    ,    1 ,    0 ,    4 ,LAME       , 177 ,06/29/23,TETDLR          , DD/Wart,Antonio,
